1,2,3,4,5,6,n_dots,manifold_name,manifold_name_full
14.295376645852604,13.60973840940002,13.747499782479947,14.06957825790023,14.02833202812138,13.547020813972052,1250,Mp3_Paraboloid,Mp3_Paraboloid1250
13.504675868551473,14.431357671606596,14.184103307584339,14.226939359158715,14.448083183795905,14.449725320404772,1250,Mp3_Paraboloid,Mp3_Paraboloid1250
14.020634327141366,13.515796295816655,13.996847091668593,14.06208108887885,14.015765862458764,14.315426508302155,1250,Mp3_Paraboloid,Mp3_Paraboloid1250
14.742253661007176,13.995057644056844,13.532926654992563,13.827427479974965,13.860656148205178,13.863635275877522,1250,Mp3_Paraboloid,Mp3_Paraboloid1250
13.980048692033602,13.863674000956252,13.532844652022233,13.822565251512529,14.383379312162027,13.600882223003694,1250,Mp3_Paraboloid,Mp3_Paraboloid1250
14.19309027292867,13.10266566579146,13.919227302022675,14.227042836117578,14.27817984816378,14.484940176565658,1250,Mp3_Paraboloid,Mp3_Paraboloid1250
13.724330693331698,14.522195184130199,13.886012944158834,13.229286187106625,14.526668253644145,14.183878188680591,1250,Mp3_Paraboloid,Mp3_Paraboloid1250
13.859254890997951,14.315722188690234,13.533456118817716,14.133403182297922,14.148841733214008,14.063876176529476,1250,Mp3_Paraboloid,Mp3_Paraboloid1250
14.609443665042296,13.644435247083106,13.40300149914292,13.746022730616072,13.89648704150026,14.384946917943461,1250,Mp3_Paraboloid,Mp3_Paraboloid1250
14.85468071508769,13.993974752257081,14.337343073810645,14.09420369100987,13.955715435711259,13.955049679496268,1250,Mp3_Paraboloid,Mp3_Paraboloid1250
15.071595171332588,13.533522938028154,13.493243027107527,14.216509951664143,13.985808411417251,14.540648622523863,1250,Mp3_Paraboloid,Mp3_Paraboloid1250
14.364489342921711,13.932835792745168,13.876207528864972,13.799825719779221,13.71735811007965,13.941682545278915,1250,Mp3_Paraboloid,Mp3_Paraboloid1250
14.240561467975407,13.995556041810573,14.426367963479287,13.892355776327722,13.210629145897741,14.855528520787272,1250,Mp3_Paraboloid,Mp3_Paraboloid1250
15.256250423242047,13.594302757193004,13.866206325420237,13.590697527223126,13.875245946793967,13.799867918407255,1250,Mp3_Paraboloid,Mp3_Paraboloid1250
14.638734123079436,13.97360687553089,13.409851389877351,13.51959585496136,14.67673129108402,13.539104141293445,1250,Mp3_Paraboloid,Mp3_Paraboloid1250
14.285811488833374,13.419388372010582,13.429223182862332,14.078430239011727,14.284479041174892,14.265105588685609,1250,Mp3_Paraboloid,Mp3_Paraboloid1250
14.798357540989088,13.577387801843527,14.141167473083195,13.483589542382996,14.235183528834414,13.703546386540557,1250,Mp3_Paraboloid,Mp3_Paraboloid1250
14.28813754219212,14.229428826149727,14.200228906227029,14.15182559300764,14.190506897571705,13.885054329849776,1250,Mp3_Paraboloid,Mp3_Paraboloid1250
13.828469432439952,14.11800221340351,14.013435640410956,13.198388856802769,14.095643508516691,13.748945180051432,1250,Mp3_Paraboloid,Mp3_Paraboloid1250
14.104847686054379,13.43442853588866,14.463377105798878,14.329463825123648,13.925381887989408,14.276391885331122,1250,Mp3_Paraboloid,Mp3_Paraboloid1250
14.681762323320301,13.40428462191349,13.456669987810539,13.85431729628226,13.624141686749068,13.315887112078235,1250,Mp3_Paraboloid,Mp3_Paraboloid1250
14.657184871996305,14.31850458878889,13.98700502631483,14.273080320964382,13.125920465283533,14.052828899773342,1250,Mp3_Paraboloid,Mp3_Paraboloid1250
15.523720285345027,14.026937865054462,13.659824461501028,13.600573615826622,14.484212452187105,14.439633636481867,1250,Mp3_Paraboloid,Mp3_Paraboloid1250
14.692353294103802,13.30771431024415,13.664645159321243,14.221795132459967,13.637996344192015,13.688522197762136,1250,Mp3_Paraboloid,Mp3_Paraboloid1250
14.108014281921061,13.309375918120608,13.990013271599144,13.560542125582769,14.684674309943798,14.176532983313406,1250,Mp3_Paraboloid,Mp3_Paraboloid1250
14.34385792764243,13.797294858555276,14.152582522837902,13.884990229274862,13.756569559327211,13.867347768354806,1250,Mp3_Paraboloid,Mp3_Paraboloid1250
13.948679247914104,13.963684382568726,13.248247047623527,14.424771769038486,13.998272365508685,13.818406621756802,1250,Mp3_Paraboloid,Mp3_Paraboloid1250
14.163760748661105,13.753712306103418,13.730794410764268,14.16788717966202,13.723548205233467,13.979400260873819,1250,Mp3_Paraboloid,Mp3_Paraboloid1250
14.486350615253734,14.253163411385412,14.294486796553697,13.606066172819675,14.527140345747966,13.730423520775668,1250,Mp3_Paraboloid,Mp3_Paraboloid1250
14.802589756523592,14.013108434919817,13.797311156770672,13.549309391143895,13.928966034527818,14.095251223544153,1250,Mp3_Paraboloid,Mp3_Paraboloid1250
14.320629171653007,14.393033642427648,13.927667568072222,13.697642914116399,14.526552556406202,14.335185625761229,1250,Mp3_Paraboloid,Mp3_Paraboloid1250
14.41627048603813,13.912165719219772,14.157201355042796,14.016626175937732,14.025858697544447,13.774258146515965,1250,Mp3_Paraboloid,Mp3_Paraboloid1250
14.977385888170078,13.746416950650005,13.18261768736485,13.506346327706396,13.868168705238153,14.45079748547905,1250,Mp3_Paraboloid,Mp3_Paraboloid1250
15.075987698573973,14.248329976407001,13.761745840830383,13.946264180217083,13.715877509379547,13.665364792094019,1250,Mp3_Paraboloid,Mp3_Paraboloid1250
14.478212617773789,14.104480846681959,13.648678435711481,14.237195365210338,14.044423614413956,14.133619710523993,1250,Mp3_Paraboloid,Mp3_Paraboloid1250
13.880294454417777,13.586152058761831,13.240987938368132,13.907634366939849,13.505229531382307,13.96312355082796,1250,Mp3_Paraboloid,Mp3_Paraboloid1250
14.488670564371567,13.875363281739496,14.053735676458952,13.569210470277005,14.906255949537139,14.121760418920985,1250,Mp3_Paraboloid,Mp3_Paraboloid1250
14.761017920689424,14.43883109891384,13.7137261024663,13.913914907810744,13.815742942789665,14.018604230901815,1250,Mp3_Paraboloid,Mp3_Paraboloid1250
13.611219952520184,13.785418610515249,13.733931192682794,13.99392245618359,14.569647788471801,13.87766935362275,1250,Mp3_Paraboloid,Mp3_Paraboloid1250
14.240637979182944,14.112336561697253,13.803134776223088,13.928066762797146,14.12941757892352,14.137905161947407,1250,Mp3_Paraboloid,Mp3_Paraboloid1250
14.96487785306359,14.235689968957942,13.695045966610898,13.534985964190069,13.608884884039004,13.84639384253808,1250,Mp3_Paraboloid,Mp3_Paraboloid1250
13.632648531148734,13.397349639293878,13.549327739780988,13.423327486551617,14.149906187591085,14.365121050069575,1250,Mp3_Paraboloid,Mp3_Paraboloid1250
15.194388762490268,13.779652430985083,13.314293511876862,13.936504060930705,13.80485487829769,13.447792024583599,1250,Mp3_Paraboloid,Mp3_Paraboloid1250
14.439210767420247,13.849699285030217,13.928147505513131,13.909945453369552,14.118109955074832,13.20541057155842,1250,Mp3_Paraboloid,Mp3_Paraboloid1250
14.487806760197904,13.486605448717429,13.720744720754984,13.669900341093964,13.738339751284997,14.151221337826916,1250,Mp3_Paraboloid,Mp3_Paraboloid1250
14.401133378542648,13.737773206173035,13.961468069195375,13.931250459090062,13.788372020976754,13.367704613326724,1250,Mp3_Paraboloid,Mp3_Paraboloid1250
15.86785698917754,14.420359074505319,14.043917000117238,14.187122230126958,14.188833352002684,14.275253982581033,1250,Mp3_Paraboloid,Mp3_Paraboloid1250
14.214307755809163,14.0708711576766,13.155364675541128,13.386072217390625,14.072468603974665,13.941539757530782,1250,Mp3_Paraboloid,Mp3_Paraboloid1250
14.193723243576612,14.107264548419097,13.149239556245373,13.721763236748815,13.964014908166966,14.083074120638758,1250,Mp3_Paraboloid,Mp3_Paraboloid1250
14.325629965035652,13.360474333302767,14.138151702353987,14.317704117611067,13.572357907952071,13.776277216437627,1250,Mp3_Paraboloid,Mp3_Paraboloid1250
14.320345992971278,13.641964951988275,13.370857397188589,13.951191114878913,13.76671043356035,13.393480090715899,2500,Mp3_Paraboloid,Mp3_Paraboloid2500
14.282281801339202,13.568591773971963,13.607014564469704,14.248668052575495,13.599614275266937,14.104418748504546,2500,Mp3_Paraboloid,Mp3_Paraboloid2500
14.98248092914977,13.843324495958399,14.192190992956498,13.852715332260619,13.837378351742863,13.372171150119465,2500,Mp3_Paraboloid,Mp3_Paraboloid2500
13.953333033831797,13.299060046599628,13.772211728609475,13.424589598080034,13.576141758806818,14.01171767769194,2500,Mp3_Paraboloid,Mp3_Paraboloid2500
14.865623095032268,13.508250791985791,13.752275440053939,13.241593205293906,14.474030625918529,13.871199918421036,2500,Mp3_Paraboloid,Mp3_Paraboloid2500
14.47222374936049,13.590005630637055,14.291468356962403,14.363098269650166,13.434367122317557,14.405337462862658,2500,Mp3_Paraboloid,Mp3_Paraboloid2500
14.073975386377487,14.154609738529834,14.351364576822593,13.858465883583056,13.43084988940291,13.88254216001816,2500,Mp3_Paraboloid,Mp3_Paraboloid2500
14.57653590920736,13.786137960234297,14.263862238609871,13.683024385023927,13.67762205322683,14.883736189582415,2500,Mp3_Paraboloid,Mp3_Paraboloid2500
15.010476162740519,14.431241283807369,13.861688380630007,13.972332598553797,14.198772576660229,13.269709424420702,2500,Mp3_Paraboloid,Mp3_Paraboloid2500
15.103519324221503,14.233638929201375,14.148116011317295,13.330139715448155,14.149958406430788,13.762695078672882,2500,Mp3_Paraboloid,Mp3_Paraboloid2500
14.80183089670256,13.769047072222666,14.354770080137444,14.586434767516995,14.445644679663523,14.207248462569083,2500,Mp3_Paraboloid,Mp3_Paraboloid2500
14.538422902228861,13.813855379595209,13.64586065525884,14.01958798839195,13.566093970795894,14.49967959235764,2500,Mp3_Paraboloid,Mp3_Paraboloid2500
15.617307702190683,13.17184884413937,13.556132113327795,13.929937189486251,13.77546707336241,14.053415988368727,2500,Mp3_Paraboloid,Mp3_Paraboloid2500
14.386579467628884,13.923341106263189,13.628711132121657,13.918826614314213,13.946802511808244,14.296527988883177,2500,Mp3_Paraboloid,Mp3_Paraboloid2500
14.22380379019882,13.912562300534859,13.398620391889843,14.007364996722448,14.25207156501232,14.10852538038867,2500,Mp3_Paraboloid,Mp3_Paraboloid2500
14.099182349049826,13.631807952984174,14.341967306266387,14.54474378495419,14.372875226597344,14.140040400758743,2500,Mp3_Paraboloid,Mp3_Paraboloid2500
14.292409971555967,13.719673057881836,13.49297226861619,13.674761915576033,13.82194941607656,13.36267314460531,2500,Mp3_Paraboloid,Mp3_Paraboloid2500
14.521865884457403,13.64257780140436,13.825036809609648,13.95091344462204,14.15982316120191,14.01437376269289,2500,Mp3_Paraboloid,Mp3_Paraboloid2500
13.867261483898655,14.363619119616791,13.643201948654312,13.92230947810404,13.844114537414791,14.454866934502604,2500,Mp3_Paraboloid,Mp3_Paraboloid2500
14.681777606342546,13.26684002440406,13.678602692611092,13.832011512605408,14.123766544005457,14.522488957129013,2500,Mp3_Paraboloid,Mp3_Paraboloid2500
14.96934346036193,13.465496604905564,13.596576324737805,13.925312882980595,14.265570319275882,14.204914801583374,2500,Mp3_Paraboloid,Mp3_Paraboloid2500
15.307912673482111,14.128918196003992,13.616307491910558,13.842565549696207,13.740042460610763,13.518798885543037,2500,Mp3_Paraboloid,Mp3_Paraboloid2500
15.1232475374812,13.798244295593047,13.35510762424268,13.865957445554846,14.259155964745243,14.433539235863035,2500,Mp3_Paraboloid,Mp3_Paraboloid2500
14.678150076430795,14.180706751607175,14.151837567611448,13.122521299745273,14.218824861207374,14.179540293863138,2500,Mp3_Paraboloid,Mp3_Paraboloid2500
14.489489746854941,13.97412152398981,13.544711148032018,14.657806784945702,13.343839376494307,14.066286876045226,2500,Mp3_Paraboloid,Mp3_Paraboloid2500
14.88175678416394,13.762042984082708,13.664809933518582,13.764121940344562,14.03576374339917,14.094079198462502,2500,Mp3_Paraboloid,Mp3_Paraboloid2500
14.283635686517345,13.855100437791473,13.561937374381715,14.08240382800296,14.085097566543068,14.647340736231422,2500,Mp3_Paraboloid,Mp3_Paraboloid2500
14.16163138582816,13.904571369924254,13.750348764036213,13.499411196601999,14.583362499411681,13.657518396694666,2500,Mp3_Paraboloid,Mp3_Paraboloid2500
14.2418584943007,14.242984825302072,13.665569444328012,13.969207817134903,13.631339144547416,14.116932964442446,2500,Mp3_Paraboloid,Mp3_Paraboloid2500
14.918725984812555,13.560066337787903,14.181352162218452,13.810459063945947,14.2939738090942,14.54715156730571,2500,Mp3_Paraboloid,Mp3_Paraboloid2500
14.335607313204687,13.920134358332058,14.069650971769288,14.03837757873765,13.60778246452918,13.910149745573637,2500,Mp3_Paraboloid,Mp3_Paraboloid2500
13.67062816369065,14.585120469536749,14.09747654366408,14.231934986866417,13.361911501732104,14.572141501283241,2500,Mp3_Paraboloid,Mp3_Paraboloid2500
15.5248831124438,13.739814003362532,13.690776250192371,14.227739816488048,14.259431106735933,14.265492769995996,2500,Mp3_Paraboloid,Mp3_Paraboloid2500
14.295020368581236,14.152658689080475,14.206018456152625,14.172163292726356,13.635673879735174,13.808862155998325,2500,Mp3_Paraboloid,Mp3_Paraboloid2500
14.500437372487513,14.310176607306728,14.331507714940404,14.834300289670956,13.890776105571954,13.799094318231877,2500,Mp3_Paraboloid,Mp3_Paraboloid2500
14.088138624058997,14.559617752030187,14.081630149853613,13.260250424379494,14.21787733437881,14.058748990674404,2500,Mp3_Paraboloid,Mp3_Paraboloid2500
14.301227583225916,13.9377843430437,13.968601956949051,13.46969887383578,14.583901643353743,13.229865408280567,2500,Mp3_Paraboloid,Mp3_Paraboloid2500
14.096191048949063,13.543904091648248,14.048890209819204,13.387434220085762,14.054057034661005,14.041491085662203,2500,Mp3_Paraboloid,Mp3_Paraboloid2500
14.960433223296308,13.878286342617242,13.741958113895723,14.4086031431696,14.119694441104098,14.068120725709294,2500,Mp3_Paraboloid,Mp3_Paraboloid2500
14.670144932447151,13.871639454956682,14.124725723313903,13.30042860686737,14.202189022100667,13.754072401924107,2500,Mp3_Paraboloid,Mp3_Paraboloid2500
14.050905217214774,13.945413740395676,14.164755139035401,14.028159115093462,14.496237473378104,13.899350700020916,2500,Mp3_Paraboloid,Mp3_Paraboloid2500
15.171614933056603,13.846796717022846,14.318143357048694,13.300912960636264,14.112828821705394,13.986928454625238,2500,Mp3_Paraboloid,Mp3_Paraboloid2500
14.652185510972123,14.41938155964265,13.524580629425492,13.904409217692658,13.982571775335886,13.594376703955952,2500,Mp3_Paraboloid,Mp3_Paraboloid2500
14.367042627590124,13.482446117666765,13.916333692711518,13.548617639251917,13.68362265556283,13.568400543474345,2500,Mp3_Paraboloid,Mp3_Paraboloid2500
14.676018707695805,13.671453025467992,14.26510987613959,13.657721670710435,13.604372099009286,13.786307632989038,2500,Mp3_Paraboloid,Mp3_Paraboloid2500
14.831562449154559,13.827379462574715,13.993654189325207,13.938510784733277,14.43427123761927,14.27723902708746,2500,Mp3_Paraboloid,Mp3_Paraboloid2500
14.532750013647666,13.663549956139097,13.547626980409582,13.312927241510163,14.30797396568571,13.804545615975563,2500,Mp3_Paraboloid,Mp3_Paraboloid2500
14.184517072875753,13.910803625729688,13.740794584987533,14.226304619272012,14.177802731287144,13.969975238630912,2500,Mp3_Paraboloid,Mp3_Paraboloid2500
14.035817420174487,13.479659049955732,13.790667563864055,13.683630800499946,13.888734717045203,14.801910498409104,2500,Mp3_Paraboloid,Mp3_Paraboloid2500
14.255463483101844,14.333270249364578,13.69829561058768,13.892294327370163,14.103591767882156,14.087421075843455,2500,Mp3_Paraboloid,Mp3_Paraboloid2500
14.556505535351599,13.893542317330962,13.157192825063678,13.650386598769202,13.616582002927348,14.260094171743747,1250,Mp2_Paraboloid,Mp2_Paraboloid1250
14.856593739013729,13.971778986461652,13.8889777010186,13.86484378850614,13.788405053379144,13.608544476362843,1250,Mp2_Paraboloid,Mp2_Paraboloid1250
14.743405729094535,14.217770620861891,13.822485352622564,13.779710006613742,13.646950664228708,13.88773376793682,1250,Mp2_Paraboloid,Mp2_Paraboloid1250
14.14084466279898,13.201083745414497,14.313221738860252,14.2467321764166,13.848005936449931,13.286520054546632,1250,Mp2_Paraboloid,Mp2_Paraboloid1250
14.606275358962549,13.884185576379634,13.927414511677203,14.06972962346151,14.052086667463488,14.092797691027048,1250,Mp2_Paraboloid,Mp2_Paraboloid1250
14.738899251060332,13.491399091069873,13.506193885613024,13.850894780650945,13.703383655819035,14.192916488123242,1250,Mp2_Paraboloid,Mp2_Paraboloid1250
14.955667680616742,14.107709971829806,13.811017518256897,13.469803614308168,13.617111600725867,14.309120400770171,1250,Mp2_Paraboloid,Mp2_Paraboloid1250
14.392814887270763,14.236664725185477,13.012671587257282,13.395423952074934,14.170659758232805,13.552782602727467,1250,Mp2_Paraboloid,Mp2_Paraboloid1250
14.871122324810695,13.691467963487659,13.863218569209183,13.359844543626764,13.958559508492675,13.754066530136415,1250,Mp2_Paraboloid,Mp2_Paraboloid1250
14.211448534186966,13.954568493404897,14.052262528033054,13.420492276339894,13.786276284531647,12.887159171007136,1250,Mp2_Paraboloid,Mp2_Paraboloid1250
14.831059130877977,14.224792191355359,13.925900667739533,13.910790878822198,13.751781524671324,14.119683027269975,1250,Mp2_Paraboloid,Mp2_Paraboloid1250
14.478750851122477,14.138111476146873,13.230913501065665,13.812900324793013,13.70542676881432,14.056227538794278,1250,Mp2_Paraboloid,Mp2_Paraboloid1250
13.582520104919547,13.761609063248857,13.681841314520124,13.827593474357123,13.796104906961794,14.009397516174145,1250,Mp2_Paraboloid,Mp2_Paraboloid1250
15.234614914106574,14.023566357545485,13.777547546734773,14.257107178421922,14.225972542127677,13.727507555701697,1250,Mp2_Paraboloid,Mp2_Paraboloid1250
14.782176682897916,13.545352056321121,13.636309363837261,14.17636151563892,13.7712218443715,13.511250012452937,1250,Mp2_Paraboloid,Mp2_Paraboloid1250
15.097207649038705,13.478103239759358,14.16624507580141,14.314188929727155,14.493911801168176,14.331825821148358,1250,Mp2_Paraboloid,Mp2_Paraboloid1250
15.912496512807625,14.070241547193392,13.547083290533212,13.68767198220193,14.136169408099885,13.418430514777697,1250,Mp2_Paraboloid,Mp2_Paraboloid1250
14.241642481578744,13.828009561691381,13.70693599682126,13.477180851883388,14.468906854155215,14.338766549447246,1250,Mp2_Paraboloid,Mp2_Paraboloid1250
15.629930404321511,14.256141610300466,13.709837856458194,13.335284112832053,13.709968954144033,14.488454050516895,1250,Mp2_Paraboloid,Mp2_Paraboloid1250
13.957682424634495,13.903027439383784,13.523730220239917,13.656100891509158,14.196445451600887,13.792372629314222,1250,Mp2_Paraboloid,Mp2_Paraboloid1250
14.31005837845944,14.190544801619932,13.49769651698227,13.863230311050332,14.198934807091662,13.774145096053363,1250,Mp2_Paraboloid,Mp2_Paraboloid1250
15.101762345319344,14.381602658690804,14.045148763446393,13.300503155970787,13.658436882668155,13.83459984765171,1250,Mp2_Paraboloid,Mp2_Paraboloid1250
13.922918087936004,13.990186859463739,13.194021660106621,14.111535797445711,13.90147337136167,14.71977074535866,1250,Mp2_Paraboloid,Mp2_Paraboloid1250
14.510753640302028,13.838014532611153,13.812656121319618,13.520194700859497,13.804343286672285,13.970170321740659,1250,Mp2_Paraboloid,Mp2_Paraboloid1250
15.166114121096616,14.288268434441108,13.987254608387085,13.776661637742473,14.252083165455835,14.06177465814005,1250,Mp2_Paraboloid,Mp2_Paraboloid1250
14.605849310406054,14.055651831944534,13.683357397052005,14.143648568877305,14.092666767430234,13.812348162644149,1250,Mp2_Paraboloid,Mp2_Paraboloid1250
14.270402955408445,14.046158567994386,13.810551694092727,14.30287554045983,14.260583464521597,13.720649426205352,1250,Mp2_Paraboloid,Mp2_Paraboloid1250
14.302686669904858,13.636407762467723,13.35105292696276,13.938774764528702,13.765559495064979,14.042604858188952,1250,Mp2_Paraboloid,Mp2_Paraboloid1250
14.528915113063933,14.228746741784908,13.915113218318599,14.180364336625491,14.01491025337426,13.740738195972423,1250,Mp2_Paraboloid,Mp2_Paraboloid1250
14.677814121958601,14.042240085122684,13.877702930331365,13.609171065732642,13.236146528262383,13.954946347159627,1250,Mp2_Paraboloid,Mp2_Paraboloid1250
15.079243340492875,14.577586997028947,14.472000435845661,14.336920153394608,13.467552437525724,14.218787934416884,1250,Mp2_Paraboloid,Mp2_Paraboloid1250
14.161659169440217,14.027820765625913,14.347200096368567,13.397565679015814,13.756251960092023,14.214375624410202,1250,Mp2_Paraboloid,Mp2_Paraboloid1250
15.140991375591579,13.154506915442326,13.420637247622864,13.428796127924908,14.06863891442228,13.466256608513753,1250,Mp2_Paraboloid,Mp2_Paraboloid1250
15.483169984433701,13.556139341110715,14.038942221244557,14.448177450761241,13.564422061260442,14.074261472590331,1250,Mp2_Paraboloid,Mp2_Paraboloid1250
14.29870943386687,13.34144280026825,13.779537261597778,13.925298055295922,13.079730136255316,13.746696268165612,1250,Mp2_Paraboloid,Mp2_Paraboloid1250
15.360444176320039,13.418572305693681,13.426002910194299,14.134136792066087,13.848817177585008,14.360059359792933,1250,Mp2_Paraboloid,Mp2_Paraboloid1250
13.96812178700913,13.487788496451444,14.48075735574004,13.259548032179726,13.685253193444812,13.705851766743057,1250,Mp2_Paraboloid,Mp2_Paraboloid1250
14.418903740552276,13.907734624718334,13.864213544243386,13.755490048560725,13.556572023386058,13.820780383755313,1250,Mp2_Paraboloid,Mp2_Paraboloid1250
14.75716950121294,14.244944437662946,14.126366051048876,14.176883134878823,14.01775952896677,14.429059889698124,1250,Mp2_Paraboloid,Mp2_Paraboloid1250
14.659603129330964,13.968198606503837,14.093692170575265,14.707989089493067,13.62507374174463,14.164814936121376,1250,Mp2_Paraboloid,Mp2_Paraboloid1250
14.450516424104052,14.265345608856293,14.337269204531188,14.014129614540328,14.158322613540252,13.494938787681495,1250,Mp2_Paraboloid,Mp2_Paraboloid1250
14.176590382656329,13.583684682982216,14.25885267842614,14.068258259265253,14.077257802328491,14.31406551233544,1250,Mp2_Paraboloid,Mp2_Paraboloid1250
14.61287569857124,14.630489599257865,13.72522491309376,14.252022218952678,14.213511662531658,13.552384630559336,1250,Mp2_Paraboloid,Mp2_Paraboloid1250
14.826290976812148,13.457879519282843,13.424045117476895,13.486819503103117,14.252214832816193,13.97557482546826,1250,Mp2_Paraboloid,Mp2_Paraboloid1250
14.381655704732173,13.55078757287833,13.249209135201419,14.063425116270892,13.99243576346006,13.709735202383689,1250,Mp2_Paraboloid,Mp2_Paraboloid1250
14.176199280368701,13.860136868441398,13.639475032352374,14.052719248188609,13.910896472532094,14.456159004015813,1250,Mp2_Paraboloid,Mp2_Paraboloid1250
14.491228759691865,14.167750068409656,13.388288781879806,13.555314579460589,13.866716776193359,13.598061464593762,1250,Mp2_Paraboloid,Mp2_Paraboloid1250
14.193729734949091,13.368753675453364,13.72019442008923,13.758351192647506,14.097910547166217,13.612442525035963,1250,Mp2_Paraboloid,Mp2_Paraboloid1250
15.50112989493813,13.96997958065115,14.437275475094378,13.978446812163694,13.113504293448962,13.685655903861708,1250,Mp2_Paraboloid,Mp2_Paraboloid1250
14.035283302740597,13.679115251161425,13.93453584401916,13.477508405148974,14.401413466819676,13.85480727066086,1250,Mp2_Paraboloid,Mp2_Paraboloid1250
14.299950999754497,13.697519711344933,13.745355773143022,14.176827413469004,14.55256868952574,13.928396579455121,2500,Mp2_Paraboloid,Mp2_Paraboloid2500
13.79654561613956,14.452142654675079,14.251525250472746,13.692041048174504,13.725514007144726,13.792415248045334,2500,Mp2_Paraboloid,Mp2_Paraboloid2500
15.439326270974451,13.724497763503782,13.351083827542698,13.47648646406625,14.249737252085634,14.162116084417935,2500,Mp2_Paraboloid,Mp2_Paraboloid2500
14.571287993109534,14.82514908939206,13.820592009428841,13.631783273196532,13.92691867081582,14.745100199342582,2500,Mp2_Paraboloid,Mp2_Paraboloid2500
14.496082529145516,14.225886988743039,13.849670206795267,13.968832148402647,14.64240194704135,14.020782636578087,2500,Mp2_Paraboloid,Mp2_Paraboloid2500
14.522385802816567,13.831088462082608,13.85422047902262,14.028770364078461,14.16555285721057,13.514511899636583,2500,Mp2_Paraboloid,Mp2_Paraboloid2500
14.278366335415189,14.079855710956853,13.43738800543106,13.663529719424231,13.803679701405578,13.929588617115032,2500,Mp2_Paraboloid,Mp2_Paraboloid2500
14.065295514604276,13.721753888405404,13.789991330095832,13.950007988912164,13.780622605840922,14.06488184390672,2500,Mp2_Paraboloid,Mp2_Paraboloid2500
14.808282985306235,14.698564167821994,13.951465100797162,14.157368849850654,14.162391419895483,13.112675183839555,2500,Mp2_Paraboloid,Mp2_Paraboloid2500
14.254953544577939,13.326818497200765,13.430450366086365,13.821575131215534,13.943512527363373,14.934624925858893,2500,Mp2_Paraboloid,Mp2_Paraboloid2500
14.498302725584189,13.111447603179755,13.983107821394025,14.52739573211258,13.42745559884249,14.143739047471165,2500,Mp2_Paraboloid,Mp2_Paraboloid2500
14.771749343317271,13.401812879853466,14.54612010789822,13.973948260416343,13.412552675909932,14.585254178188853,2500,Mp2_Paraboloid,Mp2_Paraboloid2500
15.387124649342045,13.553767114854411,13.9594706730514,13.799081514871563,14.429499185592908,13.888327649288957,2500,Mp2_Paraboloid,Mp2_Paraboloid2500
15.069226045566287,13.801415934120365,14.311413093549254,13.648881325797003,13.37503012267192,13.892092487649995,2500,Mp2_Paraboloid,Mp2_Paraboloid2500
14.151053834931833,13.240400350523126,13.43842363127556,13.585885778137262,13.788600802306531,13.965909908911284,2500,Mp2_Paraboloid,Mp2_Paraboloid2500
14.298163106573226,14.015720850291743,14.05581622213877,13.853252605019089,13.929925329733747,14.038130161155769,2500,Mp2_Paraboloid,Mp2_Paraboloid2500
14.56906062551934,13.743009806799025,13.975078274435406,13.984847184041552,14.259547303273264,14.499929692058187,2500,Mp2_Paraboloid,Mp2_Paraboloid2500
14.868150655156605,13.441944621646922,13.437698332135584,13.771774886490894,13.326363558748735,14.053237972499005,2500,Mp2_Paraboloid,Mp2_Paraboloid2500
14.715098587182283,14.427829595355856,13.283183102879244,14.21119337811403,14.050689644316178,13.71612434597819,2500,Mp2_Paraboloid,Mp2_Paraboloid2500
14.745548244867203,14.41555131849625,13.744896862705927,13.759790589457184,14.025021855059318,14.2815253823182,2500,Mp2_Paraboloid,Mp2_Paraboloid2500
14.180388451271984,13.628790754401415,13.35378119996842,13.549026194551493,13.323286085754315,13.639327345894863,2500,Mp2_Paraboloid,Mp2_Paraboloid2500
15.175337887700875,14.30878873991274,13.762026303974961,14.092518174692701,14.65579908057682,14.00509602971602,2500,Mp2_Paraboloid,Mp2_Paraboloid2500
14.237025834913803,14.34281659374589,13.973677842492286,13.821267989477745,13.906455597303975,13.851079886619075,2500,Mp2_Paraboloid,Mp2_Paraboloid2500
13.895628699491857,13.04913591186739,13.450553653580933,13.697527626682286,13.673616259490244,13.847423303017218,2500,Mp2_Paraboloid,Mp2_Paraboloid2500
14.870891514326875,13.089797884719673,13.819462509729693,13.37521351585212,13.519184700927406,13.787177814274628,2500,Mp2_Paraboloid,Mp2_Paraboloid2500
14.678764085502051,13.532320087667998,13.673619642148259,13.596234852471836,13.844722732852984,13.93860504932472,2500,Mp2_Paraboloid,Mp2_Paraboloid2500
14.078432100747408,14.564424526788,14.470244634719808,14.146761096503466,13.852001499316646,13.74289394029454,2500,Mp2_Paraboloid,Mp2_Paraboloid2500
14.887154890300616,14.298716628137605,13.441631581563446,13.869561552292481,14.094089221384815,14.479101984883766,2500,Mp2_Paraboloid,Mp2_Paraboloid2500
14.614514061445004,13.88025367872138,13.841291595764428,14.158049413936745,13.269912440224806,14.20377296024941,2500,Mp2_Paraboloid,Mp2_Paraboloid2500
14.402117491397535,13.506267054583816,13.582875734876177,13.285955556427679,14.214430339646787,13.723892077485473,2500,Mp2_Paraboloid,Mp2_Paraboloid2500
14.481793678622195,13.978220418855617,13.862594510362374,13.96395745794958,13.76138972448984,13.953026178888853,2500,Mp2_Paraboloid,Mp2_Paraboloid2500
13.915053201255196,14.561204447785988,13.970114262475015,14.082894626207306,13.803163008859386,14.052240185370085,2500,Mp2_Paraboloid,Mp2_Paraboloid2500
14.488106356271661,13.559736737972171,14.2596805409435,13.586679456189566,13.799754660686434,13.782795262038505,2500,Mp2_Paraboloid,Mp2_Paraboloid2500
14.589945145836033,14.295348365280054,13.701069569860692,13.839287955991011,13.481703558275175,14.480034561882938,2500,Mp2_Paraboloid,Mp2_Paraboloid2500
14.945759358566066,13.800119713992453,13.301121227247219,14.129464663320855,14.264718830180009,13.432128957306878,2500,Mp2_Paraboloid,Mp2_Paraboloid2500
14.74823888771351,13.818370232487494,13.824240509618802,14.437974047372437,13.975743925031658,14.070564541955937,2500,Mp2_Paraboloid,Mp2_Paraboloid2500
14.650357691746752,14.14466680413673,14.011965303931431,13.814904906238564,14.494150435390198,13.880795878451531,2500,Mp2_Paraboloid,Mp2_Paraboloid2500
14.082678675083317,13.783810077476359,13.386132548788753,14.117407462311196,13.694684767543718,14.570201682658743,2500,Mp2_Paraboloid,Mp2_Paraboloid2500
14.330742752375487,14.795689307413696,13.884408228966722,14.331696398372273,14.044809853408116,13.575216767405404,2500,Mp2_Paraboloid,Mp2_Paraboloid2500
15.142127713306197,13.81061209185927,13.534341337505623,14.046509985288095,13.621324114361546,13.563912276326267,2500,Mp2_Paraboloid,Mp2_Paraboloid2500
14.772150771427123,12.930879422029413,13.394347527274151,13.49779633947155,14.276395345428277,13.952636555636014,2500,Mp2_Paraboloid,Mp2_Paraboloid2500
14.752087644590674,14.08494504522628,13.424596921432748,14.206729478917309,13.0022893512059,13.995692630128406,2500,Mp2_Paraboloid,Mp2_Paraboloid2500
14.74335113300035,13.930720196793192,13.902438908724198,13.481010338409364,14.019014648028538,14.253838595824668,2500,Mp2_Paraboloid,Mp2_Paraboloid2500
14.070793406628892,13.465198269031138,13.713050741314975,13.429690447383349,13.56969897696808,14.335878256778713,2500,Mp2_Paraboloid,Mp2_Paraboloid2500
14.582334203642361,13.132398070128888,13.792948527320124,13.40349151241039,13.373596461910424,14.91215753885825,2500,Mp2_Paraboloid,Mp2_Paraboloid2500
15.1498766134411,14.175992039351597,13.414622947588867,13.167722787090447,13.962523220987514,13.764086549991807,2500,Mp2_Paraboloid,Mp2_Paraboloid2500
13.575934365807907,13.460765118526874,14.001502949425992,14.233992989525705,13.109107632852561,14.37411887690873,2500,Mp2_Paraboloid,Mp2_Paraboloid2500
14.411972814116075,14.053218108949336,12.926022181831758,14.130859533871549,13.650304591765096,13.530594441787493,2500,Mp2_Paraboloid,Mp2_Paraboloid2500
14.304346629719864,13.974023106213457,13.431176850927784,14.328384944777053,14.261139169827855,13.794579599335187,2500,Mp2_Paraboloid,Mp2_Paraboloid2500
14.49933266566877,14.389814459603961,13.604081815572984,13.590127677960142,14.00020151999426,13.918627311548569,2500,Mp2_Paraboloid,Mp2_Paraboloid2500
13.970782655879985,13.702602642687314,13.043284554770125,14.224480873404465,14.20347586460704,14.201448066825504,1250,Mp1_Paraboloid,Mp1_Paraboloid1250
15.247825273281803,13.681584313715629,13.723866381305834,14.23518616928573,15.01849923553441,14.858690995764618,1250,Mp1_Paraboloid,Mp1_Paraboloid1250
14.66965318875676,13.591758464478092,13.108370484892601,13.607501430092155,13.837419759701588,14.132718682323466,1250,Mp1_Paraboloid,Mp1_Paraboloid1250
13.650762094616644,13.863310132158942,13.542028873170352,14.204901208246294,13.820518551246813,14.419826019860606,1250,Mp1_Paraboloid,Mp1_Paraboloid1250
14.570118370049682,13.524082597109429,13.912004875315219,14.175332502978446,13.927934439165659,13.696911772429113,1250,Mp1_Paraboloid,Mp1_Paraboloid1250
15.377219796485274,14.140046563257137,13.363327066085994,14.38477427536168,13.955601094626441,13.324752966374096,1250,Mp1_Paraboloid,Mp1_Paraboloid1250
15.080204420063048,14.074772938060432,14.74194029974986,13.972283874702525,14.062592149415735,13.79910084888225,1250,Mp1_Paraboloid,Mp1_Paraboloid1250
13.955900885471593,13.858477642548069,13.340650428167178,14.060549701481449,13.471592616641457,13.946975710597497,1250,Mp1_Paraboloid,Mp1_Paraboloid1250
14.167669903446864,14.035132979293978,13.418215049500015,13.970817775091339,13.673820876664088,14.126529979097825,1250,Mp1_Paraboloid,Mp1_Paraboloid1250
14.647003070755643,14.44750138403939,13.841018637399722,14.140618910658155,14.112878044116986,14.085127370439393,1250,Mp1_Paraboloid,Mp1_Paraboloid1250
13.962218295452585,14.055004726067965,14.50032969364864,13.66170504237963,14.271100740457975,14.20632057138581,1250,Mp1_Paraboloid,Mp1_Paraboloid1250
14.85313380723315,14.28887198025152,14.128009688218304,14.047796428537383,14.498482430110428,13.473019314783935,1250,Mp1_Paraboloid,Mp1_Paraboloid1250
14.517769285064732,13.938432948151942,13.995753458357154,14.419769060279517,13.573045230153799,13.958266517933984,1250,Mp1_Paraboloid,Mp1_Paraboloid1250
14.063844118129078,13.771855699210299,13.653880983004651,13.214958870076652,13.854846937467864,14.389741104638917,1250,Mp1_Paraboloid,Mp1_Paraboloid1250
14.861700298917821,13.895598106972502,13.79470230676396,13.187149585169312,13.636910290879014,14.241233275029314,1250,Mp1_Paraboloid,Mp1_Paraboloid1250
14.341117767090566,13.548613991042288,13.496443518904414,14.028936185271975,13.846983485840168,13.742829894415252,1250,Mp1_Paraboloid,Mp1_Paraboloid1250
14.421824665993114,13.87327430553056,13.768206961066344,13.848988110851352,14.82067856157054,14.250626052862174,1250,Mp1_Paraboloid,Mp1_Paraboloid1250
15.07548834224311,14.233824208541437,13.22943707154226,14.015695928701135,14.037941976414642,13.706303682872768,1250,Mp1_Paraboloid,Mp1_Paraboloid1250
14.634401599989898,14.43189912315048,13.853424991443623,14.204465678971573,14.617660799895308,14.537411026708282,1250,Mp1_Paraboloid,Mp1_Paraboloid1250
14.780363255934427,13.403793497636823,13.062864999965333,14.16840513429773,14.416086677595079,13.753325203593338,1250,Mp1_Paraboloid,Mp1_Paraboloid1250
13.944515300436356,13.062189980287982,14.259910497277621,14.016138553781705,13.789442155720613,13.674257307385915,1250,Mp1_Paraboloid,Mp1_Paraboloid1250
14.488955258337215,13.582201059244953,14.463773586089607,14.124525817601556,13.70285853168699,13.489345175468157,1250,Mp1_Paraboloid,Mp1_Paraboloid1250
15.191791816532826,13.74514074001914,13.957611990126464,13.44644811866721,13.813260352102416,14.096845859802674,1250,Mp1_Paraboloid,Mp1_Paraboloid1250
14.233126834324963,13.823922738506996,13.87189066844643,14.306539227775867,14.055646020310562,14.434814671945574,1250,Mp1_Paraboloid,Mp1_Paraboloid1250
14.07477760792244,14.010500315686073,13.780549360796225,14.112348928451413,14.378732012499004,14.59788085789674,1250,Mp1_Paraboloid,Mp1_Paraboloid1250
14.155093820640385,14.429093151937913,13.690061301174202,14.502279615603737,14.193419203087004,13.786667409437323,1250,Mp1_Paraboloid,Mp1_Paraboloid1250
13.725441529253489,13.648462667632263,14.431111504613675,14.008425647252091,14.105943076486222,13.870384037356468,1250,Mp1_Paraboloid,Mp1_Paraboloid1250
14.228073926199375,13.660977407741328,13.934790455210607,14.251611437285137,14.199626068168037,14.409876450966518,1250,Mp1_Paraboloid,Mp1_Paraboloid1250
14.199805550834702,13.614572839899065,13.374009078038517,13.754691909865803,14.097821700299413,14.105627150639318,1250,Mp1_Paraboloid,Mp1_Paraboloid1250
14.527774773614604,14.090082127815469,13.478757605776911,13.129136215215574,13.466543272333883,13.8480819287537,1250,Mp1_Paraboloid,Mp1_Paraboloid1250
14.560660344175952,13.702769010943337,13.45393638024511,13.763083615300436,13.530092578204096,14.466375344920406,1250,Mp1_Paraboloid,Mp1_Paraboloid1250
14.633325963513506,13.71295661375096,14.384773655381798,13.65388909958985,14.26995483350816,14.646817779911563,1250,Mp1_Paraboloid,Mp1_Paraboloid1250
14.280102421458762,13.140603283320585,13.639907934567622,13.946084637266885,14.221052527543145,14.854835593709117,1250,Mp1_Paraboloid,Mp1_Paraboloid1250
14.343389002255675,13.961001769127726,13.593856387058528,14.374750505356719,13.44512948884944,13.981504828153524,1250,Mp1_Paraboloid,Mp1_Paraboloid1250
14.4769962774683,13.468876209050249,14.112111008528581,13.410174791329606,14.222579021164218,14.218173803595665,1250,Mp1_Paraboloid,Mp1_Paraboloid1250
14.84362086468333,14.187626116434853,14.245072187177739,13.74932084016658,14.264081518629219,14.525056558934967,1250,Mp1_Paraboloid,Mp1_Paraboloid1250
14.673342599548947,14.42755558420218,14.715864697547886,13.988656581658248,14.008562256623128,14.037009412143641,1250,Mp1_Paraboloid,Mp1_Paraboloid1250
14.424356384250531,14.00043522470942,13.593201686109982,14.564212840213688,13.849784841469978,14.163529809914051,1250,Mp1_Paraboloid,Mp1_Paraboloid1250
14.317083236734781,14.06723364460214,13.812922735163896,13.78451951879098,13.706858083571735,13.525338360611673,1250,Mp1_Paraboloid,Mp1_Paraboloid1250
14.202061154049726,13.891432574361016,13.736839387711225,13.763839780735141,13.404873737771867,13.636155409652838,1250,Mp1_Paraboloid,Mp1_Paraboloid1250
13.885654113740673,13.98184356270456,13.687782502906028,13.735985372317725,13.92003801860269,13.799552286129243,1250,Mp1_Paraboloid,Mp1_Paraboloid1250
14.114706229361106,13.887899870295325,13.172855627905594,14.009506697484657,14.484645925497,13.999505236009206,1250,Mp1_Paraboloid,Mp1_Paraboloid1250
13.971715094359288,13.624545873974613,14.010530341569533,13.749972931638245,13.6900026478951,13.76916610520353,1250,Mp1_Paraboloid,Mp1_Paraboloid1250
14.43729497523855,13.787831001055194,15.041816994830441,14.010567685248285,13.76141311969144,14.265554282152593,1250,Mp1_Paraboloid,Mp1_Paraboloid1250
14.163397232641069,13.53864236355666,13.41982422699389,13.870557277656696,14.678995758361998,13.812788847507141,1250,Mp1_Paraboloid,Mp1_Paraboloid1250
14.204794007143304,13.650260815101845,14.016429406187775,13.587796669960062,13.715889871876163,14.293877541378937,1250,Mp1_Paraboloid,Mp1_Paraboloid1250
14.696207956382674,13.878669045971325,13.72069268811081,14.557143763704785,14.449434529411233,13.820760383623787,1250,Mp1_Paraboloid,Mp1_Paraboloid1250
14.248215709054131,14.17405823097528,14.052153992443982,14.020260688849074,13.868696966680014,14.010041589182189,1250,Mp1_Paraboloid,Mp1_Paraboloid1250
14.86643985115686,14.16008054250468,13.57045271739967,14.087066713054492,13.962313037876202,14.05668736735651,1250,Mp1_Paraboloid,Mp1_Paraboloid1250
14.883394260298507,13.98284284745445,13.584101730395094,13.827816329613427,14.506264009609998,13.84659263726731,1250,Mp1_Paraboloid,Mp1_Paraboloid1250
14.230298599115242,14.163768119430406,13.551230054815713,14.193831049867937,13.886974088211923,14.50625099853279,2500,Mp1_Paraboloid,Mp1_Paraboloid2500
14.725288146540949,13.388591620140348,13.774057662268246,13.32678123807668,14.407295202510264,14.145248922402944,2500,Mp1_Paraboloid,Mp1_Paraboloid2500
14.899161870226914,14.335879930349659,13.849804892161242,14.341939423205543,13.980425655021836,14.289426530998439,2500,Mp1_Paraboloid,Mp1_Paraboloid2500
14.474153876502104,14.546722308450333,14.144865619741207,13.866889636887969,14.330627588055421,14.178792693822102,2500,Mp1_Paraboloid,Mp1_Paraboloid2500
14.7885854832276,13.612204047970941,13.83872610208843,13.577700923362151,13.820171606685534,14.035275540958066,2500,Mp1_Paraboloid,Mp1_Paraboloid2500
14.277008678383702,13.800040938023173,13.912568472121626,13.584147251475244,14.102151156428146,14.077234396951699,2500,Mp1_Paraboloid,Mp1_Paraboloid2500
14.339660743529095,14.142842259037478,13.652386696343676,13.96686625850135,13.87939636571854,14.057070199668708,2500,Mp1_Paraboloid,Mp1_Paraboloid2500
14.382466886988492,13.84277841917728,13.073386337987943,13.60949823729263,13.657975432210678,14.045243664129918,2500,Mp1_Paraboloid,Mp1_Paraboloid2500
14.917580622066346,13.653742178132854,13.995476402902158,14.100010565230045,13.699155748737217,14.092980540226094,2500,Mp1_Paraboloid,Mp1_Paraboloid2500
13.787726697317387,14.390016670745103,13.770096730971305,14.104152493764019,14.115444127125778,13.622382648874783,2500,Mp1_Paraboloid,Mp1_Paraboloid2500
14.390984097306967,14.339800747262537,14.106232836327797,14.469913127757147,13.613580317325066,14.233829502470558,2500,Mp1_Paraboloid,Mp1_Paraboloid2500
14.880690059414174,13.734307554015283,14.104905484513907,13.422982183863283,14.022536774107131,13.242226854380553,2500,Mp1_Paraboloid,Mp1_Paraboloid2500
14.651345493707147,13.931108279023846,14.027299728330966,14.236552488839362,13.989382616293263,14.331822635845723,2500,Mp1_Paraboloid,Mp1_Paraboloid2500
14.358742129733756,13.44878570943445,14.109672006959782,14.311418381493883,13.167045176038219,13.803598639428033,2500,Mp1_Paraboloid,Mp1_Paraboloid2500
14.284132380182873,14.210703020136169,14.08984524006439,13.784591387591174,14.136987305650784,13.82387262981794,2500,Mp1_Paraboloid,Mp1_Paraboloid2500
14.094756518727575,13.885915414976305,13.769592423132128,14.163227413484776,13.483150310096143,14.678854886141325,2500,Mp1_Paraboloid,Mp1_Paraboloid2500
13.489189131843048,14.056129029942447,13.618496507740437,13.708715858750546,13.901429088734861,13.57039602453771,2500,Mp1_Paraboloid,Mp1_Paraboloid2500
15.215057091302981,13.352863005880488,14.590834941523985,12.830885240291082,13.919706821878876,14.730675643911193,2500,Mp1_Paraboloid,Mp1_Paraboloid2500
14.560304714102033,14.308738154348282,13.431842311941981,14.148629387329754,13.926773177211613,13.57200354670137,2500,Mp1_Paraboloid,Mp1_Paraboloid2500
14.741927842367865,13.921209228133,13.79801671315945,14.051736880845551,13.631451806698639,14.34011990013548,2500,Mp1_Paraboloid,Mp1_Paraboloid2500
14.240382297088974,14.078462879479531,14.337067182778343,14.290284258209567,14.416444715056748,13.886710752385994,2500,Mp1_Paraboloid,Mp1_Paraboloid2500
13.974539784599239,13.40535731935576,13.814067869170476,13.450367847885436,13.980793666111488,13.871596603651648,2500,Mp1_Paraboloid,Mp1_Paraboloid2500
14.201778493449975,13.563970869545633,13.815881796002225,13.889318390302478,14.1270924722294,14.4593858303353,2500,Mp1_Paraboloid,Mp1_Paraboloid2500
13.978863723398478,13.189650346031168,14.638529766048972,13.803469025922164,14.013162446555466,13.75597837029795,2500,Mp1_Paraboloid,Mp1_Paraboloid2500
14.660515938956037,13.802274779055264,14.336725548613657,13.946317391134444,14.616114224298958,13.76360852738873,2500,Mp1_Paraboloid,Mp1_Paraboloid2500
13.79013039638219,14.145969753757603,13.594204102893652,13.34444287724677,14.29947318382417,13.830163674055882,2500,Mp1_Paraboloid,Mp1_Paraboloid2500
14.272316262346918,13.530076239069215,13.688548123744308,13.651732486158286,13.935879126670853,14.321670858537106,2500,Mp1_Paraboloid,Mp1_Paraboloid2500
14.134477164145935,14.477369581393758,14.383333119189723,13.584092606503917,14.2335682883452,14.065154410166633,2500,Mp1_Paraboloid,Mp1_Paraboloid2500
14.49540891977181,14.517976529018346,13.400352007972119,13.233405480065095,13.926063335199085,14.341197592117634,2500,Mp1_Paraboloid,Mp1_Paraboloid2500
14.46204367304644,14.202562244128728,13.860412411144205,14.017936534441539,13.54882896835444,14.007047607444676,2500,Mp1_Paraboloid,Mp1_Paraboloid2500
14.298306845056207,13.709977527993786,13.879756143182357,13.818276279009318,13.895024462179514,14.38650186312519,2500,Mp1_Paraboloid,Mp1_Paraboloid2500
15.052549009868697,14.27639686220314,13.306652956980987,13.90317257563013,13.636346869660692,13.797310625058833,2500,Mp1_Paraboloid,Mp1_Paraboloid2500
15.621940803398806,14.414978359822415,13.998935834278793,13.508922819844463,13.449007098573722,13.870703132937598,2500,Mp1_Paraboloid,Mp1_Paraboloid2500
14.459957129700252,14.114731503544245,13.364220313199066,13.788977463425425,13.928687732773795,13.971434469263539,2500,Mp1_Paraboloid,Mp1_Paraboloid2500
14.479562742895006,13.643431823582866,13.90063944669032,14.18076376039513,13.643520264739415,14.563247409934128,2500,Mp1_Paraboloid,Mp1_Paraboloid2500
14.392165765158751,13.392908138385469,13.603515786535832,14.21078685765199,13.989612680503726,14.112924804509646,2500,Mp1_Paraboloid,Mp1_Paraboloid2500
14.477203468829936,13.509304292984668,13.464151309088319,13.954623835821858,13.799788708241497,14.224937915031175,2500,Mp1_Paraboloid,Mp1_Paraboloid2500
13.981249246129657,14.32515342164125,13.822604251485833,14.15520804094744,14.002745099440867,14.31713254353891,2500,Mp1_Paraboloid,Mp1_Paraboloid2500
14.012856954730266,13.776522640216758,13.933748609778988,14.294776740542545,13.707417658804811,14.104017411332253,2500,Mp1_Paraboloid,Mp1_Paraboloid2500
14.564493017767402,14.126664532948343,13.862917184730449,13.49724140381317,13.848733658140242,13.427686865474442,2500,Mp1_Paraboloid,Mp1_Paraboloid2500
13.944434546498634,13.792301025496904,13.688964330307888,14.119625465345523,14.28112174779668,14.025123174844888,2500,Mp1_Paraboloid,Mp1_Paraboloid2500
14.61824673499462,14.03905988808197,13.783190539030796,13.56854032758172,13.611659376793583,14.100124723895945,2500,Mp1_Paraboloid,Mp1_Paraboloid2500
14.546083721120077,13.547531605655712,14.391778557210426,14.341104944857454,13.594684806671046,13.97759417526983,2500,Mp1_Paraboloid,Mp1_Paraboloid2500
15.024817073045917,13.663718819129477,13.745810172651069,13.955733266790315,13.727188723256097,14.5708272634136,2500,Mp1_Paraboloid,Mp1_Paraboloid2500
14.871688879582925,14.638124404380692,14.020479049986339,14.421912163063986,15.12936719226867,13.762690707265564,2500,Mp1_Paraboloid,Mp1_Paraboloid2500
14.143534746972746,14.529666094466002,13.716942613203269,13.636370970696582,13.745655898933563,13.681224472999954,2500,Mp1_Paraboloid,Mp1_Paraboloid2500
13.805742558026807,13.67930880435562,13.601328291485109,13.772968226643071,13.728405152490552,13.789434015079413,2500,Mp1_Paraboloid,Mp1_Paraboloid2500
15.240718508472096,13.841861060923094,14.5452185084529,14.192913734662996,13.581007563400783,13.506546749524444,2500,Mp1_Paraboloid,Mp1_Paraboloid2500
14.158104420259502,14.011111212982309,14.347733397507062,13.92251367574824,14.018661664216351,13.693166182579173,2500,Mp1_Paraboloid,Mp1_Paraboloid2500
14.327260870455161,13.27400231205439,13.078167464630821,13.919565206278877,13.53977834025984,13.945842212546905,2500,Mp1_Paraboloid,Mp1_Paraboloid2500
14.046643132098826,13.715138244015337,14.504947991562004,13.50125532421123,14.476432928372786,14.562746127334208,1250,Mn2_Nonlinear,Mn2_Nonlinear1250
14.29547995751592,12.858561110903038,13.806055977527965,14.123296375428938,14.317554085127497,13.456575160495612,1250,Mn2_Nonlinear,Mn2_Nonlinear1250
14.861828175146147,13.792585876921201,13.417541925837288,13.592592325585859,13.577459075629,14.287055051514644,1250,Mn2_Nonlinear,Mn2_Nonlinear1250
14.281869037076119,14.066789214510797,14.413380871392539,13.355783957916117,13.704210352793533,14.296170789077118,1250,Mn2_Nonlinear,Mn2_Nonlinear1250
14.346747687544843,13.15686950829443,13.660593369864516,14.013847463118399,13.902042138783633,13.913253027813026,1250,Mn2_Nonlinear,Mn2_Nonlinear1250
14.083468626256282,14.345207125691264,13.908714595958662,13.495624790507497,14.169669808524231,13.964668488562392,1250,Mn2_Nonlinear,Mn2_Nonlinear1250
13.7716188574179,13.523359859906073,13.78667986490384,14.067952512509178,14.128050673801766,14.451581566076875,1250,Mn2_Nonlinear,Mn2_Nonlinear1250
14.300577753441338,14.04030541630434,14.233673296256377,14.32687821550496,14.291900261537993,13.681185548630234,1250,Mn2_Nonlinear,Mn2_Nonlinear1250
15.225957439408901,13.45778074206667,13.603076291735102,13.922193470531354,13.91793919426465,14.037486030875492,1250,Mn2_Nonlinear,Mn2_Nonlinear1250
13.99099634118945,14.251571696861145,13.990686739013702,14.253794313050209,13.965728022869865,13.667153284400195,1250,Mn2_Nonlinear,Mn2_Nonlinear1250
14.366043466693164,13.957182839255255,13.826656175315359,13.679662309446698,14.268358876188412,13.999325748362175,1250,Mn2_Nonlinear,Mn2_Nonlinear1250
14.788536005748288,12.750896628624353,13.76157591566509,13.34712274626228,13.369611912675433,14.00099469791095,1250,Mn2_Nonlinear,Mn2_Nonlinear1250
14.911806741127734,13.46832658852933,13.976239926853216,13.678563638310521,13.327905584356412,14.813163216477472,1250,Mn2_Nonlinear,Mn2_Nonlinear1250
13.548547074157216,14.366700881822734,14.2669025358478,13.86328139589486,13.717338230548169,14.117586549239656,1250,Mn2_Nonlinear,Mn2_Nonlinear1250
14.406361624467731,14.527553486051035,13.417356628395583,13.642950361651422,13.63387090357503,13.79862885384942,1250,Mn2_Nonlinear,Mn2_Nonlinear1250
15.202208074595152,13.285754539917454,13.617030674649781,14.140546904312204,14.010483196359132,14.322238279174307,1250,Mn2_Nonlinear,Mn2_Nonlinear1250
14.94894315238794,13.897310466178366,13.468498179327502,13.837770751227026,13.826058292669147,14.462001277331932,1250,Mn2_Nonlinear,Mn2_Nonlinear1250
15.111542458205184,13.673928207925027,13.555337026283764,14.107924444549038,13.584656676016735,13.624882105754482,1250,Mn2_Nonlinear,Mn2_Nonlinear1250
15.02966418989338,14.209568912583682,14.573696172372347,14.04246496993572,13.91706355721011,15.030906404055626,1250,Mn2_Nonlinear,Mn2_Nonlinear1250
14.221861199725707,13.98907229032605,13.334601409805684,13.478224931433973,13.98590111425787,13.998692351764175,1250,Mn2_Nonlinear,Mn2_Nonlinear1250
14.014973607945945,14.24202186167063,13.297708004145775,14.437888587204863,13.71316800567392,14.523183421011273,1250,Mn2_Nonlinear,Mn2_Nonlinear1250
13.739771688215539,14.757781942263447,13.679398549649417,14.192366865534552,14.569846262755522,15.090025166562691,1250,Mn2_Nonlinear,Mn2_Nonlinear1250
14.733136231234617,13.881546178899187,13.770519843718345,14.129427944380737,14.252204056859373,13.878012004705226,1250,Mn2_Nonlinear,Mn2_Nonlinear1250
14.46803058585373,13.608750767218583,13.785615252302772,14.565109618648098,13.678068952245887,13.970987067406474,1250,Mn2_Nonlinear,Mn2_Nonlinear1250
14.642005255150446,13.985263587104006,14.283515456236238,14.177983331124572,13.724667746259122,14.222380043916464,1250,Mn2_Nonlinear,Mn2_Nonlinear1250
15.317239776205305,13.77342404506047,13.734759116206828,14.425539819357015,13.579241733102759,14.286338572762931,1250,Mn2_Nonlinear,Mn2_Nonlinear1250
14.315106264170996,14.10309052180993,13.890811683956219,13.92035883554997,14.371298407379111,14.642091303661214,1250,Mn2_Nonlinear,Mn2_Nonlinear1250
14.252016325973159,13.064571964171854,14.0612346664892,13.511164618298757,13.853632510425006,14.100067819786016,1250,Mn2_Nonlinear,Mn2_Nonlinear1250
14.4777805123887,14.142913017442497,13.387674403929521,13.787705008488409,13.815599618838208,13.72635368378917,1250,Mn2_Nonlinear,Mn2_Nonlinear1250
14.42412357769306,13.900962063943881,14.035873024458002,13.56491427567131,13.301824666131605,13.518699157328609,1250,Mn2_Nonlinear,Mn2_Nonlinear1250
14.726833976279458,13.922992608039335,13.662696343993256,14.53655765005038,14.147842414855234,14.4699596919482,1250,Mn2_Nonlinear,Mn2_Nonlinear1250
14.49236258607979,13.724127129067972,14.698131527653128,13.486747582519381,13.43561594640673,13.884116489497588,1250,Mn2_Nonlinear,Mn2_Nonlinear1250
14.330648527510512,13.354691074152672,13.790791201966085,13.756397579113365,14.207486532277576,13.869740490638083,1250,Mn2_Nonlinear,Mn2_Nonlinear1250
15.122323902973578,14.235377757582434,13.565385794765575,13.680231517453421,13.975129549884384,14.351877354685174,1250,Mn2_Nonlinear,Mn2_Nonlinear1250
14.640709606603883,13.53635036631106,13.571550537970584,13.747137768493225,13.86648329916897,14.283531950374051,1250,Mn2_Nonlinear,Mn2_Nonlinear1250
14.375249727670735,13.71845864045517,13.309204852145468,13.464825758172799,14.000529426206247,14.054516553593066,1250,Mn2_Nonlinear,Mn2_Nonlinear1250
13.772626874624063,13.503971811864405,14.42311056806166,14.606469850821917,13.722478867547013,14.240470446516985,1250,Mn2_Nonlinear,Mn2_Nonlinear1250
14.207690202319968,13.594113426032292,13.670241790634659,13.864131083598863,13.625978543605108,13.479281482813459,1250,Mn2_Nonlinear,Mn2_Nonlinear1250
14.81525083770221,14.142292652759915,13.743675620169014,14.016034827235343,13.790002880456726,14.525564884826638,1250,Mn2_Nonlinear,Mn2_Nonlinear1250
14.621870916079171,13.949322950368751,13.904802752197389,14.031539658358508,13.65756725146405,14.669049758278504,1250,Mn2_Nonlinear,Mn2_Nonlinear1250
13.552435452862902,13.394064040027686,14.26304756236934,14.28488046994898,14.318040845280427,14.613904756206365,1250,Mn2_Nonlinear,Mn2_Nonlinear1250
14.144581395274155,13.562932578748498,13.609221235086382,14.626979641517421,14.269007647213217,13.600083912392064,1250,Mn2_Nonlinear,Mn2_Nonlinear1250
14.57814388496213,13.520368855295397,13.60564269037098,13.674316544992886,14.223091837299313,14.549829620906547,1250,Mn2_Nonlinear,Mn2_Nonlinear1250
14.383942124733993,13.62483718096665,13.876738256330562,14.132333773516764,14.4322201672386,14.432705788426007,1250,Mn2_Nonlinear,Mn2_Nonlinear1250
13.911393614735024,13.488996030129574,14.035123448087973,13.455276746040697,13.59895148984695,14.493854110425104,1250,Mn2_Nonlinear,Mn2_Nonlinear1250
14.37528557641466,14.522421147032437,13.250662882265715,13.694949047705636,14.454112982376248,13.951913029503334,1250,Mn2_Nonlinear,Mn2_Nonlinear1250
14.580526726962717,14.336118915369791,14.001219455031299,13.564644099080034,14.440542417283721,13.520261864815962,1250,Mn2_Nonlinear,Mn2_Nonlinear1250
14.662505913603752,13.70021001235251,14.453634059206369,13.868704063584662,13.423616390779639,14.249172344111509,1250,Mn2_Nonlinear,Mn2_Nonlinear1250
14.36903951403464,14.394028939460812,14.21133257361471,14.164610444201772,13.77904447184305,13.739025663189848,1250,Mn2_Nonlinear,Mn2_Nonlinear1250
13.663186433326347,14.42106610296591,13.749348132776943,13.96917726905659,13.378196714996959,14.356086420668303,1250,Mn2_Nonlinear,Mn2_Nonlinear1250
15.401129133548928,13.399914688970675,14.265406025678976,14.323750602704811,13.727883828543677,14.08201300325602,2500,Mn2_Nonlinear,Mn2_Nonlinear2500
14.610680225430924,13.585103857567525,13.262024923982567,14.426280162829471,14.135115794060187,13.726761153770253,2500,Mn2_Nonlinear,Mn2_Nonlinear2500
14.225670118748559,13.323180453696034,14.289353966892918,13.87579649647206,14.479299211171051,14.192108409725533,2500,Mn2_Nonlinear,Mn2_Nonlinear2500
14.264414897515147,13.06217600370897,13.41182010877386,14.183086692908919,13.93076703749346,13.522886813569812,2500,Mn2_Nonlinear,Mn2_Nonlinear2500
15.094517249788138,13.568135041066029,13.67395984265691,14.015349442046652,14.054926572939882,13.233051611342761,2500,Mn2_Nonlinear,Mn2_Nonlinear2500
14.345952211815987,13.822686417470507,13.642752574544788,13.802779563279643,14.716234612545906,13.871329934718542,2500,Mn2_Nonlinear,Mn2_Nonlinear2500
14.191265319768624,14.319150029306606,14.03419533411328,13.837350754587607,13.889658028135184,13.783840385936697,2500,Mn2_Nonlinear,Mn2_Nonlinear2500
15.209815758519396,14.316481089037302,13.967098862255577,13.788546098769938,13.409194229081002,13.625326771407078,2500,Mn2_Nonlinear,Mn2_Nonlinear2500
14.986714338550911,13.5702469501668,13.759736999192963,13.940441702080268,13.494700138376826,14.87570714291825,2500,Mn2_Nonlinear,Mn2_Nonlinear2500
14.778139785787024,13.51961097281065,13.772797068388297,14.141796659294434,13.674200323374395,13.826521414549632,2500,Mn2_Nonlinear,Mn2_Nonlinear2500
14.118508280083924,14.051704629818046,13.838832912298964,13.180727040531092,14.659924290564648,14.431637162661358,2500,Mn2_Nonlinear,Mn2_Nonlinear2500
13.647580776935298,13.799606532936586,13.619883741467431,13.77591456196283,14.066912687991618,14.211683006053887,2500,Mn2_Nonlinear,Mn2_Nonlinear2500
14.15762219061265,14.379482155174081,14.26943163198222,13.860366713767723,13.78637296142125,13.73421774156929,2500,Mn2_Nonlinear,Mn2_Nonlinear2500
14.767589472439962,14.640312934384875,13.721068584568423,13.463024597117602,14.557262231161813,14.120998592675594,2500,Mn2_Nonlinear,Mn2_Nonlinear2500
14.707645325479488,14.07490852256626,13.394090170667997,14.033803869868178,13.527087127723153,14.091401667330713,2500,Mn2_Nonlinear,Mn2_Nonlinear2500
13.510953923528312,13.654103059868557,13.8889233904427,14.053285614569305,13.787834173744082,13.923192327813531,2500,Mn2_Nonlinear,Mn2_Nonlinear2500
14.603469591236653,14.81273319905293,13.752953745460097,13.50802777125309,13.801606176258327,13.72501564193037,2500,Mn2_Nonlinear,Mn2_Nonlinear2500
14.622423360125127,13.658147410431303,14.540208254907032,13.905379616953724,13.68725171493998,13.91873664600925,2500,Mn2_Nonlinear,Mn2_Nonlinear2500
13.924334450427542,13.768391824941986,13.90423250446071,13.99809647929549,14.298006819461092,13.7847819938739,2500,Mn2_Nonlinear,Mn2_Nonlinear2500
14.607608226230331,14.061589820468546,13.657325423771653,13.506107150268086,14.187037194216035,13.94536187953562,2500,Mn2_Nonlinear,Mn2_Nonlinear2500
14.673407930915246,14.138882187473136,13.941576140664786,13.393790772749085,13.841174712125596,13.712581272054928,2500,Mn2_Nonlinear,Mn2_Nonlinear2500
14.546123764311671,13.555022042383795,13.778298025533847,14.33756261311036,13.677348490775294,14.184925192513075,2500,Mn2_Nonlinear,Mn2_Nonlinear2500
14.301744461390802,14.437199945937467,13.780249523165926,14.043960614602204,13.893648789661436,13.879805091680756,2500,Mn2_Nonlinear,Mn2_Nonlinear2500
14.3570309390854,14.210972556195152,13.504663710706762,14.17775336040407,15.15411943251955,14.230166330171292,2500,Mn2_Nonlinear,Mn2_Nonlinear2500
14.353926115070319,14.388730621695832,14.30503630812683,13.749004163200636,14.394548054958777,13.642573461961701,2500,Mn2_Nonlinear,Mn2_Nonlinear2500
14.400479419082334,13.503290713420835,13.54822119375455,13.87852014792686,13.26553530387974,13.846787095987368,2500,Mn2_Nonlinear,Mn2_Nonlinear2500
14.73547131699135,14.422502376077146,14.51146654656877,13.518140367738487,13.695728323385154,14.160381587000687,2500,Mn2_Nonlinear,Mn2_Nonlinear2500
14.885365808362085,13.193250083445792,14.013668809796368,13.880597315869112,14.197151814266457,13.880573698439587,2500,Mn2_Nonlinear,Mn2_Nonlinear2500
14.9329793946272,13.814219594076487,13.927471583386708,14.421601192052247,14.118455048998133,13.813811436797135,2500,Mn2_Nonlinear,Mn2_Nonlinear2500
14.32603778026857,14.060639563602319,14.107918399520788,13.553930702299102,13.571367766842664,13.807305862434768,2500,Mn2_Nonlinear,Mn2_Nonlinear2500
13.894215968600806,13.41969866163453,13.953852384888432,14.245583462745996,13.954047603226584,14.384833538339059,2500,Mn2_Nonlinear,Mn2_Nonlinear2500
13.53356324097568,13.550585693664473,14.36799442081049,13.960034830677323,13.7680982248271,14.020976276015961,2500,Mn2_Nonlinear,Mn2_Nonlinear2500
14.038072573779294,14.596962931619014,13.920555642378798,13.331641521037579,14.235632426082441,14.260877453845701,2500,Mn2_Nonlinear,Mn2_Nonlinear2500
14.878845007266296,13.999506357159682,14.011429374391506,13.766238143857375,13.99199033379154,14.125046881106934,2500,Mn2_Nonlinear,Mn2_Nonlinear2500
14.170544196347437,13.776470782262637,13.904733883612074,14.514725081475639,13.872992043406636,14.051510415011384,2500,Mn2_Nonlinear,Mn2_Nonlinear2500
14.172768630417867,13.913338289492039,13.319814519389052,14.390238437857152,14.129829538108188,14.198488274306978,2500,Mn2_Nonlinear,Mn2_Nonlinear2500
14.564680569438146,14.11626599622242,13.06996647965965,14.31959116559495,14.22634148800188,13.824668496862307,2500,Mn2_Nonlinear,Mn2_Nonlinear2500
15.345125729064952,13.921375310093765,13.538502471662023,13.620931323380077,13.754512397243065,14.075604145895557,2500,Mn2_Nonlinear,Mn2_Nonlinear2500
13.249262506885108,13.544158744610444,14.516178990581091,14.28992334184989,13.912969649223875,13.797553893082359,2500,Mn2_Nonlinear,Mn2_Nonlinear2500
14.71462721748777,14.617207183414719,13.990578945743936,13.683981135951056,13.074205349877518,13.906429609668894,2500,Mn2_Nonlinear,Mn2_Nonlinear2500
13.949284820892185,13.828639115186322,14.03278391515564,13.424171422010524,14.38175004347496,14.504130339304188,2500,Mn2_Nonlinear,Mn2_Nonlinear2500
14.633065229291795,14.656501396571187,14.424030720983104,13.907929887064318,14.523749767673257,13.541776241618107,2500,Mn2_Nonlinear,Mn2_Nonlinear2500
14.95232237995069,13.6548270665699,13.900751180006596,14.433301918257197,14.295985376238862,13.989634660879325,2500,Mn2_Nonlinear,Mn2_Nonlinear2500
14.588551165079911,13.65266278914159,13.733731441264089,13.552660192343538,14.000047469280961,13.796449900638606,2500,Mn2_Nonlinear,Mn2_Nonlinear2500
14.9689788815818,13.677896947030165,13.550712558896949,14.468144986548227,13.534025348443759,14.599368276268082,2500,Mn2_Nonlinear,Mn2_Nonlinear2500
14.53446266435755,13.668587326499567,13.979668823184465,13.279580564034665,13.332154317616212,13.476325105093867,2500,Mn2_Nonlinear,Mn2_Nonlinear2500
14.270369455858136,14.331708746344717,13.514459608639836,14.201211771872842,13.898596928437557,14.159318032869376,2500,Mn2_Nonlinear,Mn2_Nonlinear2500
14.400462122538551,14.87633467367904,14.190942687208185,14.230252912520173,14.268405996416464,14.24440240319143,2500,Mn2_Nonlinear,Mn2_Nonlinear2500
14.955236622453233,13.849599764583344,13.599207089883551,13.765978282210375,13.610933466454956,14.670497334557487,2500,Mn2_Nonlinear,Mn2_Nonlinear2500
14.706136467065951,14.27410057573655,14.15976465827857,13.594242895506257,14.479115723551574,14.909362619546602,2500,Mn2_Nonlinear,Mn2_Nonlinear2500
14.742039368889552,13.932581367833835,14.031439438074601,14.095855641325079,14.236132710296783,13.251669746246959,1250,Mn1_Nonlinear,Mn1_Nonlinear1250
14.428158809626499,13.682924788003104,13.547137591991962,14.1550738575767,14.471511861815696,14.261264928703817,1250,Mn1_Nonlinear,Mn1_Nonlinear1250
14.01142333068495,14.064142959457138,13.98390597201132,13.667083638294933,14.32513784852201,13.76925496439428,1250,Mn1_Nonlinear,Mn1_Nonlinear1250
13.91731683471649,14.093496764606595,13.781527277585514,13.298888499762406,13.361610706225777,14.54535949013379,1250,Mn1_Nonlinear,Mn1_Nonlinear1250
14.892413497433212,14.554918865154178,13.610921023010576,13.216468885850757,14.110019567409248,13.820704683121127,1250,Mn1_Nonlinear,Mn1_Nonlinear1250
13.987421667927348,14.104174628393116,14.483319803783987,13.799652840813375,14.362284719604864,14.31044945047263,1250,Mn1_Nonlinear,Mn1_Nonlinear1250
14.283628075075894,13.984359740997835,14.001101581652867,13.57347276214401,13.299555103727286,13.589482880364017,1250,Mn1_Nonlinear,Mn1_Nonlinear1250
14.112422401750264,13.95160143313884,14.615670233960671,13.453894528897749,13.892865197303603,14.00314246884076,1250,Mn1_Nonlinear,Mn1_Nonlinear1250
14.729797966205844,13.518074174165575,13.459002243821052,14.119517412682079,14.321751087454386,14.545567367663347,1250,Mn1_Nonlinear,Mn1_Nonlinear1250
14.90557177183734,13.555643759491742,12.973188794098146,14.046536250897779,14.36484783683791,13.935737307490788,1250,Mn1_Nonlinear,Mn1_Nonlinear1250
14.538230643650305,13.662450177883398,13.355044243876957,13.368477902907188,13.907587449040793,13.773372229854399,1250,Mn1_Nonlinear,Mn1_Nonlinear1250
14.541708464994379,13.399981149280572,13.457425680775161,14.035881903611633,13.84516930719166,14.392693939099642,1250,Mn1_Nonlinear,Mn1_Nonlinear1250
14.510505134341459,13.168189456944587,14.303236541269362,13.67018539418487,13.818609132862534,14.028148225814283,1250,Mn1_Nonlinear,Mn1_Nonlinear1250
14.48281863556183,13.362701860081769,13.828894870150037,14.095547824274071,13.509795993508865,13.694458115189985,1250,Mn1_Nonlinear,Mn1_Nonlinear1250
14.84194102421664,14.092665882225228,14.206949214543068,14.182709107484717,13.544986698652421,14.015443518215083,1250,Mn1_Nonlinear,Mn1_Nonlinear1250
14.843437142468096,14.174941340529449,14.070419071917255,13.55379399210186,13.305793122492021,13.917283897768494,1250,Mn1_Nonlinear,Mn1_Nonlinear1250
14.321261889219212,13.679029409689614,13.813615510557387,13.886934265039226,13.334252230525356,13.736471463874937,1250,Mn1_Nonlinear,Mn1_Nonlinear1250
14.645651615789905,13.989248309115366,14.871313941423281,13.792528666613368,14.468174378566376,13.667795864709854,1250,Mn1_Nonlinear,Mn1_Nonlinear1250
14.389229913873903,13.675536295709316,13.609758832153716,13.47811210740118,14.015424831938631,14.262900334297505,1250,Mn1_Nonlinear,Mn1_Nonlinear1250
15.09205686076818,13.910561132749182,13.391061970981069,13.23483599942497,13.392216970261567,14.590018787628972,1250,Mn1_Nonlinear,Mn1_Nonlinear1250
13.998431503883475,13.626070273535664,13.870631343204007,13.988595668807815,13.81550079279108,13.537277182315433,1250,Mn1_Nonlinear,Mn1_Nonlinear1250
14.515844231870647,14.190703776449606,13.67485860592257,13.204342631623234,13.70825851128329,14.407902725849862,1250,Mn1_Nonlinear,Mn1_Nonlinear1250
14.941219330681806,14.296541691829583,13.760166159263385,13.897523307925288,13.625087259697894,13.780516676174408,1250,Mn1_Nonlinear,Mn1_Nonlinear1250
15.207255216896886,13.794720423532054,14.108275344043992,13.564539339141987,13.950673276697719,13.855277901659546,1250,Mn1_Nonlinear,Mn1_Nonlinear1250
14.162141934538878,14.795485273912684,14.07529367341686,14.125940396902006,14.163162974394954,14.224875595143981,1250,Mn1_Nonlinear,Mn1_Nonlinear1250
14.691787017612606,13.390941811065941,13.63214683053808,13.414584376303804,14.617926113012798,14.372825931216191,1250,Mn1_Nonlinear,Mn1_Nonlinear1250
14.539272740715438,14.07414036029135,14.22859314660868,13.795252266910065,14.14673553773557,13.853647411095453,1250,Mn1_Nonlinear,Mn1_Nonlinear1250
14.054011395908372,14.125388224085157,14.278933659050237,13.983217348533225,13.884266969583264,13.797361586374643,1250,Mn1_Nonlinear,Mn1_Nonlinear1250
14.12695573073875,13.430103490795652,14.14097799124952,13.752696184580595,13.973848206228544,13.7176434499493,1250,Mn1_Nonlinear,Mn1_Nonlinear1250
14.464847967121313,14.928818858327446,13.601051379231457,14.315272038461648,14.161247878641625,14.659607508898159,1250,Mn1_Nonlinear,Mn1_Nonlinear1250
13.938223332135625,12.981691679729781,13.71392057991164,13.774655041320283,14.272771950843742,13.989188494903267,1250,Mn1_Nonlinear,Mn1_Nonlinear1250
13.958155839458875,13.762545703473782,13.664150419584356,13.96157732808398,14.191970252332858,14.016859322826756,1250,Mn1_Nonlinear,Mn1_Nonlinear1250
13.581320215351772,14.100483418760941,13.230654648581266,14.282088341033122,14.149990087880498,14.164913019296764,1250,Mn1_Nonlinear,Mn1_Nonlinear1250
14.261739540679239,13.429817109473653,13.419717967536183,14.208747965727781,13.853234977188452,13.861708779165657,1250,Mn1_Nonlinear,Mn1_Nonlinear1250
14.085908247428321,13.800603666484829,13.707006378440687,14.379244978509075,14.251416404733476,14.65489642902537,1250,Mn1_Nonlinear,Mn1_Nonlinear1250
14.394057908232412,13.858970622905009,13.717597061316983,14.224683005284442,14.533837237661649,13.276425236365531,1250,Mn1_Nonlinear,Mn1_Nonlinear1250
14.170965273657327,14.354523203554079,13.763157932789195,13.938751312207591,13.843242949356194,13.875279188855593,1250,Mn1_Nonlinear,Mn1_Nonlinear1250
14.185784290404852,13.623554422334887,13.90233908231241,13.22461468118292,14.45315189968396,14.438993678693246,1250,Mn1_Nonlinear,Mn1_Nonlinear1250
15.035884769868204,13.303306481708468,13.759514292975494,14.16251732461548,13.793654977184012,14.55338403702679,1250,Mn1_Nonlinear,Mn1_Nonlinear1250
14.190082468436758,14.262968230479917,14.100523471126776,14.054850451907669,13.341152441002695,14.228701508723182,1250,Mn1_Nonlinear,Mn1_Nonlinear1250
14.393821099614057,14.00173328607335,13.983549817924796,13.782807124912505,14.646569534175686,13.852421083841794,1250,Mn1_Nonlinear,Mn1_Nonlinear1250
14.240211573206503,13.422060617926586,13.93088651984405,13.826418521815047,14.041175936042146,14.028313829898243,1250,Mn1_Nonlinear,Mn1_Nonlinear1250
14.64760239305662,14.154447054541189,13.581093429021509,13.809369427977437,13.514090315396531,14.214891064698985,1250,Mn1_Nonlinear,Mn1_Nonlinear1250
14.176136553345403,13.251921783873177,14.23125312056457,14.527174449723727,14.1694534333376,13.866056269997717,1250,Mn1_Nonlinear,Mn1_Nonlinear1250
13.929358193632458,13.678287171340266,13.906143915859412,13.571653598396983,13.758309379109491,13.81735760326585,1250,Mn1_Nonlinear,Mn1_Nonlinear1250
14.549724381077672,14.32832789415065,13.685678915041176,14.00460922298337,14.168090537707812,13.851912838738125,1250,Mn1_Nonlinear,Mn1_Nonlinear1250
14.546412355181605,13.577925256469213,13.843030543281971,13.80035147564324,13.604458172515956,13.969047869816803,1250,Mn1_Nonlinear,Mn1_Nonlinear1250
14.745343501597532,14.030939916437491,13.302791514226353,14.123766596741822,13.432722401627803,13.922634635455447,1250,Mn1_Nonlinear,Mn1_Nonlinear1250
13.858275317817498,13.755063793559984,12.639801108679432,14.824371292233748,13.727699723574883,14.539861803638713,1250,Mn1_Nonlinear,Mn1_Nonlinear1250
14.125484471220393,13.809303365699037,13.747091881074192,13.42362814207026,14.233682784675818,14.140034696793457,1250,Mn1_Nonlinear,Mn1_Nonlinear1250
14.793435785642895,13.727575446670485,13.987985177737889,12.6307030077322,13.534604351087543,14.183908059231802,2500,Mn1_Nonlinear,Mn1_Nonlinear2500
13.528363038019318,13.367993096231102,13.646328288888887,13.887980221107611,13.481261696590538,14.519586880206084,2500,Mn1_Nonlinear,Mn1_Nonlinear2500
13.921154706275965,14.325776066013486,14.307042339372678,13.543191751326908,14.224535669559248,14.652761527564918,2500,Mn1_Nonlinear,Mn1_Nonlinear2500
14.773565011458102,14.013550631345547,13.531324662787375,13.82372287429206,13.202320986714776,13.77158364340671,2500,Mn1_Nonlinear,Mn1_Nonlinear2500
14.414870518346554,13.60393122346519,13.321841242122979,13.84633169159806,13.762915269020125,13.746265966655995,2500,Mn1_Nonlinear,Mn1_Nonlinear2500
14.804739215385565,13.57883398906406,13.847335323476674,13.33682896914275,13.635925602365315,14.229263468991615,2500,Mn1_Nonlinear,Mn1_Nonlinear2500
15.121346850448017,13.84327842925691,13.884984526003896,14.548263067301864,14.086963673063451,14.026489712933211,2500,Mn1_Nonlinear,Mn1_Nonlinear2500
14.402796150779439,14.377216080845574,13.644964142821468,13.805211179811886,13.988867651959382,14.235962120002588,2500,Mn1_Nonlinear,Mn1_Nonlinear2500
14.28077709912573,14.18131229527959,13.584851098281742,13.488518439493317,14.370094325329832,14.14184516383705,2500,Mn1_Nonlinear,Mn1_Nonlinear2500
14.392393575012509,14.235207416919827,14.212654222195678,14.384026406936435,13.696629148845343,14.10482663347027,2500,Mn1_Nonlinear,Mn1_Nonlinear2500
14.30702475665408,13.935296025318944,13.375399556846853,13.386392123810671,14.913541424761924,13.492200679246084,2500,Mn1_Nonlinear,Mn1_Nonlinear2500
13.756501922777774,13.423668812614586,13.523524803627984,13.534693144301034,13.612835106120686,13.472686146584056,2500,Mn1_Nonlinear,Mn1_Nonlinear2500
14.49124429349457,13.947452137754741,13.914036691255907,13.866551256735178,14.034937985531972,13.873264967279002,2500,Mn1_Nonlinear,Mn1_Nonlinear2500
14.382115485693145,14.556551698997819,13.904907004650639,14.513085550221811,13.951536321120589,14.388908689889046,2500,Mn1_Nonlinear,Mn1_Nonlinear2500
14.990296889921776,13.732892095323512,13.158342402904898,14.155485004050874,14.26315539691483,14.667282178438148,2500,Mn1_Nonlinear,Mn1_Nonlinear2500
14.701463277754506,13.52974820075507,13.278381194544167,14.183190912822957,13.471405460865563,13.52714807425147,2500,Mn1_Nonlinear,Mn1_Nonlinear2500
14.09366656829596,14.115612650263952,13.867758270553832,14.199424426234927,14.074865006705474,13.051354002083386,2500,Mn1_Nonlinear,Mn1_Nonlinear2500
14.941532218706778,13.92796769237073,14.3516147454205,13.65423646127359,13.652819090863947,14.289713050880227,2500,Mn1_Nonlinear,Mn1_Nonlinear2500
15.014493440153663,13.832942206047832,13.335600566544981,13.869999703185655,14.382081680630248,13.681823431152939,2500,Mn1_Nonlinear,Mn1_Nonlinear2500
14.28154197025502,14.334819106865842,13.830952613062665,14.326187362052554,14.029826279358952,13.709016114002013,2500,Mn1_Nonlinear,Mn1_Nonlinear2500
15.26150596169377,13.713339089427436,13.533495440061769,14.470450201633556,14.198805499889277,13.764926238232826,2500,Mn1_Nonlinear,Mn1_Nonlinear2500
13.693829485819956,13.778110029991828,13.76372045864348,13.878708169233056,13.624350292686863,14.337209836699127,2500,Mn1_Nonlinear,Mn1_Nonlinear2500
14.598012050297122,13.888149062054595,14.179068752397155,13.527946488603087,14.601752205235677,13.540775455244935,2500,Mn1_Nonlinear,Mn1_Nonlinear2500
13.287135503379941,14.103086899439726,14.183438061581244,13.888534449471543,14.935805079471814,13.877234039918246,2500,Mn1_Nonlinear,Mn1_Nonlinear2500
15.541264098607678,14.173271065889551,14.083395816425284,13.90807727947178,14.083968904095341,13.763373173213154,2500,Mn1_Nonlinear,Mn1_Nonlinear2500
14.83464528147765,14.051822349458654,13.49684965303012,13.86818669687558,14.127525214969504,14.54461330146799,2500,Mn1_Nonlinear,Mn1_Nonlinear2500
15.059849000513541,13.979152165728483,13.97336897060713,13.970249916300777,13.77920935990062,14.050448845502789,2500,Mn1_Nonlinear,Mn1_Nonlinear2500
14.432673458407505,14.842034790002584,13.847576734816274,14.443572177731756,14.40342280076051,14.118952495859745,2500,Mn1_Nonlinear,Mn1_Nonlinear2500
14.676657120301876,12.766253896263075,13.649599871618408,13.826377148337611,14.181121835240173,14.071340308087363,2500,Mn1_Nonlinear,Mn1_Nonlinear2500
14.032323104009468,13.98642918346177,13.811158792860134,14.231276313064702,14.269798225403704,13.7885873629674,2500,Mn1_Nonlinear,Mn1_Nonlinear2500
14.72123463637722,13.944044731682396,14.096861750912833,13.372489358346213,13.212365927218617,13.959534535645727,2500,Mn1_Nonlinear,Mn1_Nonlinear2500
14.144748357336582,13.683503978800996,14.158003014298789,14.386759517410084,14.303697048666704,13.651578095024032,2500,Mn1_Nonlinear,Mn1_Nonlinear2500
14.45617904024489,14.250489308478546,13.544287430576507,13.596330403234717,14.272842866275816,14.555583170687926,2500,Mn1_Nonlinear,Mn1_Nonlinear2500
14.455886158616067,13.918759594656859,13.916933171713824,13.39318952891369,14.14062238551748,13.747945832881598,2500,Mn1_Nonlinear,Mn1_Nonlinear2500
14.569140563737228,13.662877679408352,14.004314441517947,13.158886155210126,14.167276652800908,14.122789246343324,2500,Mn1_Nonlinear,Mn1_Nonlinear2500
13.703197907893989,13.834625855972579,14.447087179171866,13.87995531720731,13.545761864332643,14.015970071014308,2500,Mn1_Nonlinear,Mn1_Nonlinear2500
14.611693728568993,13.989036634360694,14.079664708630418,13.800154954522826,14.70292243965139,13.859639328386582,2500,Mn1_Nonlinear,Mn1_Nonlinear2500
14.708423798475511,13.962561734970953,13.713514842431188,13.998251234596113,13.984968580686973,14.340557695002705,2500,Mn1_Nonlinear,Mn1_Nonlinear2500
14.096830202206954,13.775821731562598,13.680626591198635,13.934948758036544,13.918330752173123,13.66884004274966,2500,Mn1_Nonlinear,Mn1_Nonlinear2500
14.946962281979825,14.336112203150929,13.590505294985268,12.812130039820278,13.95673978069393,13.293156428563291,2500,Mn1_Nonlinear,Mn1_Nonlinear2500
14.05132842052492,14.576426585696677,14.075107426295768,13.698160355014041,13.579021157557252,13.635768647048787,2500,Mn1_Nonlinear,Mn1_Nonlinear2500
14.484633629819282,13.46323109736246,13.563518858853856,14.342379783002187,14.382482294358343,13.690255094875006,2500,Mn1_Nonlinear,Mn1_Nonlinear2500
15.601882702698875,14.368430713470204,13.547664799564856,14.061089280353043,13.942755632263268,14.199221808951304,2500,Mn1_Nonlinear,Mn1_Nonlinear2500
14.456291139431013,13.511156534893589,13.421859887723015,14.679832561590235,13.602376538171956,15.189937351085407,2500,Mn1_Nonlinear,Mn1_Nonlinear2500
14.128203979450257,13.901535145434117,13.734380391152646,14.2717823594636,14.22456805594649,13.937015234098961,2500,Mn1_Nonlinear,Mn1_Nonlinear2500
14.279055619854061,13.796556211473218,14.003288273243799,13.722637079341665,14.51604467787252,14.432769316797167,2500,Mn1_Nonlinear,Mn1_Nonlinear2500
14.37210576896788,13.79424590256705,13.509166380531413,13.752729642579798,13.999248039337118,14.70833662264049,2500,Mn1_Nonlinear,Mn1_Nonlinear2500
14.408793056922196,14.05017886907402,13.415417677126097,13.944545487436958,13.847501847085914,13.946931759694662,2500,Mn1_Nonlinear,Mn1_Nonlinear2500
15.385022012107527,12.978136644321069,13.86695836485332,13.528278928848996,14.269950840083105,14.308097341785915,2500,Mn1_Nonlinear,Mn1_Nonlinear2500
14.469231438943423,13.905608640413586,13.997826539903945,13.40668674333009,14.005769179391933,13.899269372734528,2500,Mn1_Nonlinear,Mn1_Nonlinear2500
14.785852864218542,13.929895755807097,13.93536008231007,13.819460207034009,14.121479375425553,13.464687615923637,1250,M6_Nonlinear,M6_Nonlinear1250
14.389943878680768,13.695529124506733,13.457227906047926,13.890290529455788,13.525201273707896,14.074675782864722,1250,M6_Nonlinear,M6_Nonlinear1250
14.690978933803475,13.311502557743959,13.787450853508577,13.497873552560131,14.689616336053538,13.876621789225801,1250,M6_Nonlinear,M6_Nonlinear1250
14.28548582024605,14.29579642178801,14.251652828446806,13.716872252749177,14.485798937947951,13.883465354367786,1250,M6_Nonlinear,M6_Nonlinear1250
14.245958685422735,13.146513136083545,13.486618689883278,14.008771742948907,15.06108156137,13.351440059463645,1250,M6_Nonlinear,M6_Nonlinear1250
14.085377949776664,14.087252575657669,13.376345448199988,13.149081218356779,14.016812991096115,14.002949791643102,1250,M6_Nonlinear,M6_Nonlinear1250
14.328139013882165,13.469914401240652,13.713190190442502,13.953304227137943,13.693140282265961,13.718426709118901,1250,M6_Nonlinear,M6_Nonlinear1250
14.446496713496236,14.255312228803495,13.954653719350114,13.681861902793255,14.018169720221298,13.551470918064007,1250,M6_Nonlinear,M6_Nonlinear1250
14.129848315012763,14.483800002451293,13.884039565032404,14.128239724129116,14.566772690008499,14.225712625803569,1250,M6_Nonlinear,M6_Nonlinear1250
13.89980100731003,13.780226506287601,13.993037582659117,14.052660978041287,13.671483531006718,14.617629769852845,1250,M6_Nonlinear,M6_Nonlinear1250
15.153147736479658,13.820039322894841,14.047646717952933,13.832344430318742,13.684568874453399,14.20137287705013,1250,M6_Nonlinear,M6_Nonlinear1250
14.014009706225892,12.939615813176959,14.151251557159853,14.16553810873193,13.660388351938517,14.38966462314396,1250,M6_Nonlinear,M6_Nonlinear1250
14.910359417091795,13.77622946354785,13.391389210692537,13.617014475533153,14.170771916356928,13.868314536027338,1250,M6_Nonlinear,M6_Nonlinear1250
14.53771116840773,14.132290411473354,13.452056101480236,13.383249481798702,14.277401232724339,14.183030415899452,1250,M6_Nonlinear,M6_Nonlinear1250
13.959181255801331,14.252035666438958,13.752040271108337,13.41498464970659,13.92587564966006,13.561237229827361,1250,M6_Nonlinear,M6_Nonlinear1250
13.63328299682098,13.519804704028571,14.222793159366221,14.14480738451837,14.123420419521052,14.455762007952627,1250,M6_Nonlinear,M6_Nonlinear1250
15.04881110577344,14.307548208739611,13.773475534624687,13.64195759258821,13.890683188310348,13.754159897641472,1250,M6_Nonlinear,M6_Nonlinear1250
14.9888307624394,14.105593871205391,13.953363207770792,13.732634975821101,14.22359038206946,14.664644998606159,1250,M6_Nonlinear,M6_Nonlinear1250
13.844579548895993,13.461962123908519,13.322017357730854,14.151566873634906,13.705106436667595,14.23481710004888,1250,M6_Nonlinear,M6_Nonlinear1250
14.388477211837438,13.849512549140297,13.402971452301756,13.70975369847576,14.089785057080586,14.491247674981246,1250,M6_Nonlinear,M6_Nonlinear1250
14.790586076116062,13.688798470340739,13.924229546715498,13.762900626130165,14.50206340483289,15.037902532247251,1250,M6_Nonlinear,M6_Nonlinear1250
14.732496231323234,14.341119880189495,14.25364613581482,14.23500360524379,14.117592403139694,13.882401032035741,1250,M6_Nonlinear,M6_Nonlinear1250
15.015919393247346,13.816703889321463,14.051943813193928,14.480873950813496,14.002160467874283,13.632650936634702,1250,M6_Nonlinear,M6_Nonlinear1250
14.442332117499106,14.192092994964842,13.80505150835529,13.658413896585625,13.90462918162295,14.350269871216804,1250,M6_Nonlinear,M6_Nonlinear1250
14.347174063053593,14.091948259062146,14.019458251602218,13.635948383531748,13.786005175818357,13.888149305822507,1250,M6_Nonlinear,M6_Nonlinear1250
14.26399861094041,14.372226866186981,13.082222904127818,14.229634475448536,14.630987953255397,13.909582696201399,1250,M6_Nonlinear,M6_Nonlinear1250
14.169700172483255,13.55336164314283,13.640727186567656,14.450573179516986,14.059226492338636,13.594553760640373,1250,M6_Nonlinear,M6_Nonlinear1250
14.077191457398174,13.974141264906134,13.795749536953675,14.149229733604027,14.41054231424095,14.496196222488093,1250,M6_Nonlinear,M6_Nonlinear1250
14.776626920570571,14.052171235399076,14.2297619419785,13.85626772873604,14.181687338981538,13.846353097007158,1250,M6_Nonlinear,M6_Nonlinear1250
14.611306932326492,13.642667678475375,13.71125627599099,13.751607364787517,13.975458202410227,13.807012801953721,1250,M6_Nonlinear,M6_Nonlinear1250
13.569801709707757,12.997168531601472,13.413374347533912,14.082971849694145,13.341438737194197,14.314522846175269,1250,M6_Nonlinear,M6_Nonlinear1250
14.248916320505506,13.982341515375328,14.169906598183143,13.949045831874386,13.875307803630019,14.085068832338282,1250,M6_Nonlinear,M6_Nonlinear1250
13.91997121364318,14.232287509637345,13.779930817330143,14.572093167089244,14.274428887424193,14.395023254431564,1250,M6_Nonlinear,M6_Nonlinear1250
14.49922391898631,13.860584593163592,13.865150331167937,14.143705266998415,14.079918474000086,13.761338527530489,1250,M6_Nonlinear,M6_Nonlinear1250
14.643756664896182,13.700646070581481,13.779826814317921,13.798596867501661,13.559117101390253,13.940384691126738,1250,M6_Nonlinear,M6_Nonlinear1250
14.805097407681794,13.871835084667891,13.066345106420954,13.398239578144924,13.556341565170602,13.932449609920353,1250,M6_Nonlinear,M6_Nonlinear1250
14.898392616054235,14.392843977344016,13.69366797071586,14.099081237623459,13.851650787788921,14.175648549333898,1250,M6_Nonlinear,M6_Nonlinear1250
14.499468095709172,14.575234406701702,13.729413848979743,13.744280417480608,13.897547330262428,14.312754481481129,1250,M6_Nonlinear,M6_Nonlinear1250
14.808432082705034,13.86512955758454,13.680675799463781,13.683244104763277,13.354785708957492,13.509364114568617,1250,M6_Nonlinear,M6_Nonlinear1250
14.62547375324912,14.52513768125172,13.62869162585646,14.48866516923505,13.945103847004127,13.442671781240962,1250,M6_Nonlinear,M6_Nonlinear1250
14.58630006427843,15.014470808336526,14.014184279172632,14.078993558403816,13.990703779199885,13.494490991122461,1250,M6_Nonlinear,M6_Nonlinear1250
14.344939048005365,14.023600385379877,13.936103568437442,13.204234262857018,13.5487387190001,14.826696466574134,1250,M6_Nonlinear,M6_Nonlinear1250
13.8425004643648,13.886599295290672,14.511467657137251,14.155285090460456,13.660100848336162,13.959572256572903,1250,M6_Nonlinear,M6_Nonlinear1250
14.493950717520583,13.589472787283782,13.749379411035259,14.096172291309614,13.832799721239455,14.318604402190296,1250,M6_Nonlinear,M6_Nonlinear1250
14.234723447775165,13.185511008495618,14.198593501053749,13.533327083197381,13.688400584777064,13.921361443268482,1250,M6_Nonlinear,M6_Nonlinear1250
14.223652749364877,14.28535183650174,13.464217172307082,14.094729118953428,14.262140460447831,14.139204897637823,1250,M6_Nonlinear,M6_Nonlinear1250
15.117596881409446,14.573600430953823,13.72479716966148,14.119725337509008,14.16522442563608,13.910447212720154,1250,M6_Nonlinear,M6_Nonlinear1250
14.790346960588613,13.620383645267017,13.842800764306753,13.726153903218568,13.652928740395138,14.242070891718813,1250,M6_Nonlinear,M6_Nonlinear1250
15.198627529756171,14.00594744867583,13.237357067280561,13.787554558795666,14.895552257039766,13.85461221006875,1250,M6_Nonlinear,M6_Nonlinear1250
14.421996232248475,13.593504251259331,14.132337555557065,13.71042103419555,13.493248587060076,13.613891586106927,1250,M6_Nonlinear,M6_Nonlinear1250
14.352809569277497,14.694697361795335,13.65188005381532,13.853251175485983,14.071201160570117,14.504109979829403,2500,M6_Nonlinear,M6_Nonlinear2500
14.32828019690492,14.122422790125485,13.497307078771128,13.41533576719688,13.130463305522813,14.033857360286547,2500,M6_Nonlinear,M6_Nonlinear2500
13.701049835770029,14.044905984111095,13.538390249736166,13.712350764157549,13.952467644985907,13.659491239899733,2500,M6_Nonlinear,M6_Nonlinear2500
14.376308991011387,14.399440304655851,14.145416988957956,13.512098423682017,14.133487433498109,13.962401476554913,2500,M6_Nonlinear,M6_Nonlinear2500
14.698614391096724,13.573794153987798,13.30759567229126,13.722072505220453,13.275235019685425,14.500945338756159,2500,M6_Nonlinear,M6_Nonlinear2500
13.873658698846166,13.896737443519038,14.540024484410438,13.856371860196923,13.87260399731545,14.31861522403958,2500,M6_Nonlinear,M6_Nonlinear2500
14.274183520595193,13.953086187268347,13.923071017364197,13.722426784214212,13.895883420425301,13.838473266537584,2500,M6_Nonlinear,M6_Nonlinear2500
14.089147182294514,13.760712774334094,13.871708215377959,14.154753119715064,14.157051785175225,13.589575933714599,2500,M6_Nonlinear,M6_Nonlinear2500
14.512275553259556,14.023324815527902,13.56582383415874,13.10841848906108,14.218832757672988,14.39755436215828,2500,M6_Nonlinear,M6_Nonlinear2500
14.473527603782834,13.341730120465927,13.713303452093445,14.022159908804547,13.906436070127741,14.30473442001847,2500,M6_Nonlinear,M6_Nonlinear2500
14.529228923889677,13.954445276770844,14.467847623455201,14.328571253577923,14.116826714496602,13.42609937290215,2500,M6_Nonlinear,M6_Nonlinear2500
14.67793768204526,14.43259604319081,14.109603374784289,14.459670703031268,13.879661229932893,14.156056666995156,2500,M6_Nonlinear,M6_Nonlinear2500
15.214434057661434,14.18516993893557,14.170078295220458,13.709645574179923,13.844597848755788,14.075749532427986,2500,M6_Nonlinear,M6_Nonlinear2500
14.605482453087605,13.795809550335274,14.14525620073138,13.68323486766445,13.957615577532138,13.867706207589023,2500,M6_Nonlinear,M6_Nonlinear2500
15.394453178811952,14.057743289695072,13.837202490484339,14.158004987099394,13.97537040549084,14.050136187809017,2500,M6_Nonlinear,M6_Nonlinear2500
14.09062372449979,14.473369259482363,13.658048369604414,13.835545992070283,13.362262055264123,13.589581878008097,2500,M6_Nonlinear,M6_Nonlinear2500
14.334826609473215,13.04266793451251,14.144105508379749,14.423661231769742,13.727813156007178,14.301044428950352,2500,M6_Nonlinear,M6_Nonlinear2500
14.455559194101395,13.771919605467113,14.13507222376865,13.363378903784202,13.948854102248488,13.86227704792005,2500,M6_Nonlinear,M6_Nonlinear2500
14.560878880396187,13.936550774445598,13.951541192199954,14.199461681825237,14.196194498825653,13.816556853092528,2500,M6_Nonlinear,M6_Nonlinear2500
15.388500985741734,13.620217361814282,13.143487161535587,14.306628970688244,13.737974279704966,14.089350353485868,2500,M6_Nonlinear,M6_Nonlinear2500
14.490373525025207,14.19615192979346,14.008775606830795,14.585276406732872,13.719810643222608,15.012328544926516,2500,M6_Nonlinear,M6_Nonlinear2500
14.334545550018548,13.95082770696803,13.738043497198268,14.184083700726148,14.22872837007742,13.7418657887369,2500,M6_Nonlinear,M6_Nonlinear2500
14.459712891419187,13.34324451975168,14.184282489148783,13.99218813331239,14.180095799329502,14.515458687699534,2500,M6_Nonlinear,M6_Nonlinear2500
14.83266520111381,14.430757417730018,13.692999537350335,13.759939729887847,13.711968473508236,13.82699322709375,2500,M6_Nonlinear,M6_Nonlinear2500
13.834735083581103,13.752094319706895,13.634439026487613,13.662732387259739,13.72741952424193,13.564955860752644,2500,M6_Nonlinear,M6_Nonlinear2500
14.233381536315111,14.279815605759321,13.811617647365559,13.904762626621347,13.958255187017397,14.201820222042322,2500,M6_Nonlinear,M6_Nonlinear2500
13.761916729659479,13.790224381225837,13.8125634590676,13.500980976860557,13.835032505101566,14.18355679721447,2500,M6_Nonlinear,M6_Nonlinear2500
14.264663890148846,13.704721119470232,14.508838759526308,13.25771407231464,13.903148096408637,13.920296481624549,2500,M6_Nonlinear,M6_Nonlinear2500
13.232633180622663,13.499535607582523,14.04562843489851,13.50316903667932,13.839456442191757,14.00401699375419,2500,M6_Nonlinear,M6_Nonlinear2500
14.884377221192327,13.52842410554239,13.955297757987273,13.582153249973802,13.98312918532124,14.086349699807037,2500,M6_Nonlinear,M6_Nonlinear2500
13.683454426765222,14.139516402511644,14.754899513689034,13.558071822140397,13.780025898565865,14.006970312902219,2500,M6_Nonlinear,M6_Nonlinear2500
14.97073670260769,14.074742529295431,14.002463208006288,13.741228741218693,14.352347030490007,13.949444945370605,2500,M6_Nonlinear,M6_Nonlinear2500
14.8172103170226,14.080256213474723,13.541185483953342,13.738709922459462,13.750232394100953,14.907349037516694,2500,M6_Nonlinear,M6_Nonlinear2500
14.347138367128634,13.693656115091176,13.719168287414526,14.030441581967969,13.869648032695824,14.337307530551117,2500,M6_Nonlinear,M6_Nonlinear2500
14.26247552955726,13.446334848571599,13.79228770549943,13.746378279170782,14.789224121972444,13.79242438129404,2500,M6_Nonlinear,M6_Nonlinear2500
14.636873789956086,13.987751191079184,13.550202791159833,13.900734211648514,13.910513465754919,14.293953141553436,2500,M6_Nonlinear,M6_Nonlinear2500
14.510520793393118,13.387401679711129,14.296856527995546,14.004441226561507,13.449492686335734,13.090990961026247,2500,M6_Nonlinear,M6_Nonlinear2500
14.621394494570772,13.685598509807713,14.126204599990144,14.532928948441167,14.185414433701213,13.890179284291552,2500,M6_Nonlinear,M6_Nonlinear2500
14.672735650041853,13.83560985451428,13.60768616557859,13.272020661288805,13.493837968416146,14.50394313424933,2500,M6_Nonlinear,M6_Nonlinear2500
14.55305111688216,14.154576385160274,13.360627462219515,13.74792702390866,14.19240281524465,13.93292383716525,2500,M6_Nonlinear,M6_Nonlinear2500
14.966469156510751,13.715237568377281,14.259434904052332,13.800647516519115,13.792319873542482,14.081526050393085,2500,M6_Nonlinear,M6_Nonlinear2500
14.285766344315189,14.574916269649991,14.308147827944953,13.617257454980958,13.458801060535455,14.596390384368581,2500,M6_Nonlinear,M6_Nonlinear2500
14.29506089102719,13.392139851963766,13.89487638465599,14.40393220572874,14.997861043537927,13.86353060067548,2500,M6_Nonlinear,M6_Nonlinear2500
14.54979787367284,13.335561055948116,14.4637154389852,13.886832103249759,14.043921557089543,14.114351927109784,2500,M6_Nonlinear,M6_Nonlinear2500
14.87591061325261,14.279440621108234,13.080842511699776,13.938596821889282,14.302113970657468,13.984870923832949,2500,M6_Nonlinear,M6_Nonlinear2500
14.48554992090582,14.09290958327166,13.833073631511816,13.578616145234923,13.6023066555213,14.339660975112874,2500,M6_Nonlinear,M6_Nonlinear2500
14.376545251422032,13.688567387142509,14.021683668485348,13.293504143838065,13.778070099259509,13.930936720318648,2500,M6_Nonlinear,M6_Nonlinear2500
15.064283352086473,14.028300631390035,13.288867528955251,13.656621038500802,14.217092745078919,14.38660438392424,2500,M6_Nonlinear,M6_Nonlinear2500
15.2980277166899,14.250951144593063,13.892836612169335,14.589806951988253,14.023484918115972,13.832805496345545,2500,M6_Nonlinear,M6_Nonlinear2500
13.733627163985448,14.135586680800992,14.042138135615165,14.107269324025154,14.189548809904483,13.929635425179312,2500,M6_Nonlinear,M6_Nonlinear2500
